{"results": {"1": [0.4419208306294614], "2": [0.38991869918699185], "4": [0.2997447064123742], "6": [0.33731617647058826], "10": [0.37894082932132317]}, "train_times": {"1": [3.8807153701782227], "2": [4.732924222946167], "4": [7.062679767608643], "6": [7.741623878479004], "10": [14.8072509765625]}, "params": {"n_shot": [1, 2, 4, 6, 10], "n_iter": 1, "n_max_iter_per_shot": 1, "model": "flair-base", "loss": "CrossEntropyLoss"}}