{"results": {"1": [0.449538719597428, 0.5210486891385768, 0.48575268817204303, 0.39608946822692936, 0.18550629805332897, 0.4861066751836474, 0.3466713262275031, 0.5596828659521362, 0.6293200249532127, 0.46277554415638433, 0.2995964487489911, 0.4451954158095798, 0.3364963503649635, 0.21788129226145755, 0.3553299492385787, 0.25413459963975765, 0.25374684671316217, 0.22226093015154155, 0.6186612576064908, 0.46355036171396774, 0.40315315315315314, 0.41649323621227885, 0.5483704086911536, 0.26713906111603186, 0.24439197166469895], "2": [0.43883378418996094, 0.21081639683086462, 0.3068282589417677, 0.2755191576484352, 0.30227094753328115, 0.4927495817066369, 0.45836006672654944, 0.3509567682494685, 0.5422885572139303, 0.416335480334384, 0.31518951268167567, 0.2632124352331606, 0.20635451505016722, 0.4505510653930933, 0.1963921568627451, 0.44329110059532895, 0.6214177978883861, 0.5691387559808613, 0.5835570898862038, 0.3475428409573715, 0.47897897897897895, 0.3865149833518313, 0.46610981788306177, 0.37553807332640643, 0.3115536761696904], "4": [0.5787738958470666, 0.41523961237222884, 0.2762594179347023, 0.41582971068805274, 0.37037037037037035, 0.22286497183741819, 0.3783164100884376], "6": [0.19432821943282194, 0.34391988555078684, 0.29545067302777306, 0.535064935064935, 0.28043239855867147], "10": [0.4218224367412608, 0.47921578359597966, 0.548718691182858, 0.29386041630225646, 0.3004152374074743]}, "train_times": {"1": [3.3840839862823486, 4.665220260620117, 4.275901556015015, 5.934112310409546, 4.227542400360107, 3.568671226501465, 4.102638006210327, 3.5940911769866943, 3.722421407699585, 2.960357189178467, 3.3331727981567383, 3.836564302444458, 4.790551424026489, 5.679362535476685, 3.1098721027374268, 2.9940974712371826, 3.9662928581237793, 3.4575247764587402, 4.065905570983887, 3.4405343532562256, 4.692870855331421, 4.5943825244903564, 3.936971426010132, 3.3709805011749268, 5.399464845657349], "2": [4.020880222320557, 5.436265468597412, 4.787569046020508, 5.19663667678833, 3.0074374675750732, 3.662266731262207, 3.396308660507202, 3.6616742610931396, 3.8467788696289062, 3.8839218616485596, 3.7032692432403564, 3.0805113315582275, 4.169025659561157, 5.010975122451782, 4.925785303115845, 3.866830587387085, 3.5657026767730713, 4.2812180519104, 4.200681924819946, 4.66748833656311, 6.332888603210449, 3.2740626335144043, 4.097080707550049, 4.1107869148254395, 5.132355690002441], "4": [6.8896965980529785, 2.907834529876709, 6.008316278457642, 7.374221324920654, 4.556697607040405, 6.821080207824707, 7.0301995277404785], "6": [10.281875848770142, 10.63272738456726, 8.881313562393188, 9.497503995895386, 9.185227870941162], "10": [14.534098148345947, 7.777541160583496, 15.127312660217285, 9.111651182174683, 84.95230340957642]}, "params": {"n_shot": [1, 2, 4, 6, 10], "n_iter": 5, "n_max_iter_per_shot": 5, "model": "flair-base", "loss": "CrossEntropyLoss"}}