{"results": {"(1, 1)": [0.764102564102564, 0.692144373673036, 0.6937984496124031], "(2, 1)": [0.7659574468085106, 0.734065934065934, 0.7526881720430108], "(4, 1)": [0.7613941018766756, 0.7562642369020501, 0.7806004618937644], "(8, 1)": [0.7546174142480211, 0.7710843373493976, 0.7933491686460807], "(16, 1)": [0.7703703703703704, 0.762589928057554, 0.7828162291169452], "(32, 1)": [0.7469287469287469, 0.755656108597285, 0.7621247113163973], "(64, 1)": [0.7324675324675325, 0.7648456057007126, 0.7589498806682577]}, "run_times": {"(1, 1)": [0.8769967555999756, 1.2849998474121094, 0.5925025939941406], "(2, 1)": [1.6103312969207764, 2.1169917583465576, 0.9089982509613037], "(4, 1)": [2.749000072479248, 3.7220020294189453, 1.439997911453247], "(8, 1)": [5.284138917922974, 6.954678535461426, 2.7225732803344727], "(16, 1)": [10.148782968521118, 12.611999034881592, 5.041998624801636], "(32, 1)": [19.263999223709106, 22.864116430282593, 9.63999629020691], "(64, 1)": [37.37499976158142, 43.38099908828735, 18.686625242233276]}, "params": {"n_shot": 8, "n_iter": 3, "loss": "Triplet", "model": "paraphrase-mpnet-base-v2", "num_epochs": [[1, 1], [2, 1], [4, 1], [8, 1], [16, 1], [32, 1], [64, 1]]}}