{"results": {"1 1": [0.764102564102564, 0.692144373673036, 0.6937984496124031], "1 2": [0.6809651474530831, 0.5844155844155844, 0.564179104477612], "1 4": [0.7015250544662309, 0.6612576064908722, 0.629059829059829], "1 8": [0.7058823529411765, 0.65748031496063, 0.6388888888888888], "1 12": [0.6872246696035242, 0.6600397614314115, 0.629757785467128], "1 16": [0.7194570135746606, 0.65748031496063, 0.6475849731663685], "1 20": [0.728538283062645, 0.6653306613226453, 0.6431095406360424], "1 25": [0.7289719626168224, 0.6561264822134387, 0.6467486818980668], "1 30": [0.7037861915367484, 0.65234375, 0.6409807355516638]}, "run_times": {"1 1": [1.0649969577789307, 1.2339999675750732, 0.5669999122619629], "1 2": [1.635995864868164, 1.747999906539917, 1.2569987773895264], "1 4": [2.357998847961426, 2.8200008869171143, 2.0899999141693115], "1 8": [4.109251022338867, 5.113998889923096, 3.7135305404663086], "1 12": [5.830997467041016, 6.236600637435913, 5.37708306312561], "1 16": [7.742999315261841, 7.806412696838379, 7.095276355743408], "1 20": [9.120975255966187, 9.049038410186768, 8.511995792388916], "1 25": [11.199001550674438, 11.988460063934326, 9.979334831237793], "1 30": [13.331643104553223, 13.598998069763184, 12.12199878692627]}, "params": {"n_shot": 8, "n_iter": 3, "loss": "Triplet", "model": "paraphrase-mpnet-base-v2", "num_epochs": [[1, 1], [1, 2], [1, 4], [1, 8], [1, 12], [1, 16], [1, 20], [1, 25], [1, 30]]}}