{"results": {"0.1": [0.7304812669754028], "0.3": [0.746974766254425], "0.5": [0.7478540539741516], "0.7": [0.7092620134353638], "0.9": [0.6062419414520264]}, "run_times": {"0.1": [108.5251157283783], "0.3": [96.72324180603027], "0.5": [90.40800023078918], "0.7": [81.94350957870483], "0.9": [77.15899991989136]}, "params": {"n_shot": 8, "n_iter": 1, "model": "sentence-transformers/paraphrase-mpnet-base-v2", "loss": "Cosine", "ratio_frozen_weights": [0.1, 0.3, 0.5, 0.7, 0.9]}}