{"results": {"fr": [0.6087463556851312, 0.5847953216374269], "en": [0.6595365418894831, 0.6777163904235728], "all": [0.6346483704974271, 0.6016]}, "run_times": {"fr": [9.295998096466064, 8.884020566940308], "en": [8.551999807357788, 8.577999114990234], "all": [9.035998582839966, 8.67899751663208]}, "params": {"n_shot": 8, "lang": ["fr", "en"], "n_iter": 2, "model": "sentence-transformers/paraphrase-mpnet-base-v2", "loss": "Triplet"}}