{"results": {"fr": [0.6904109589041096, 0.5170340681362725, 0.5853658536585366, 0.6227848101265823, 0.5929919137466307, 0.6263157894736842, 0.5383022774327122, 0.4594594594594595, 0.55863539445629, 0.5783664459161147], "en": [0.7424242424242424, 0.7843137254901961, 0.75, 0.7586206896551724, 0.7868852459016393, 0.7115384615384616, 0.6915887850467289, 0.7049180327868853, 0.7153284671532847, 0.8], "all": [0.5534297713485767, 0.5741507870753936, 0.564299424184261, 0.5130658814869341, 0.6850053937432579, 0.5544117647058824, 0.7023809523809523, 0.7385321100917431, 0.6336975273145485, 0.6221985058697972]}, "train_times": {"fr": [0.522998571395874, 0.4679985046386719, 0.5150008201599121, 0.5279984474182129, 0.5249996185302734, 0.5269994735717773, 0.5019979476928711, 0.5029997825622559, 0.6469986438751221, 0.5300006866455078], "en": [0.5139994621276855, 0.529000997543335, 0.5040004253387451, 0.4960002899169922, 0.6080012321472168, 0.5189998149871826, 0.46399760246276855, 0.5289983749389648, 0.4830012321472168, 0.5000014305114746], "all": [0.7059996128082275, 0.6959972381591797, 0.7049968242645264, 0.7109982967376709, 0.6319997310638428, 0.7189998626708984, 0.6939976215362549, 0.6549992561340332, 0.660999059677124, 0.6409990787506104]}, "params": {"n_shot": 8, "lang": ["fr", "en"], "n_iter": 10, "model": "sentence-transformers/paraphrase-multilingual-mpnet-base-v2", "loss": "Triplet"}}