{"results": {"fr": [0.6951566951566952, 0.7672131147540984, 0.7058823529411765, 0.6089108910891089, 0.5515873015873016, 0.6004618937644342, 0.6610644257703081, 0.6469002695417789, 0.5212355212355212, 0.5782608695652174], "en": [0.7272727272727273, 0.7727272727272727, 0.8245614035087719, 0.7642276422764228, 0.7317073170731707, 0.7256637168141593, 0.8214285714285714, 0.6906474820143885, 0.6714285714285714, 0.7578947368421053], "all": [0.6083613647284959, 0.7142857142857143, 0.6389024987751103, 0.6256410256410256, 0.6246271836386876, 0.5869275233437083, 0.7008639308855291, 0.7324276432368576, 0.6166744294364229, 0.6455938697318008]}, "run_times": {"fr": [1.3379991054534912, 1.171999454498291, 0.6959991455078125, 0.6499993801116943, 0.5969991683959961, 0.915996789932251, 1.26399827003479, 0.7209963798522949, 0.8999998569488525, 1.2569992542266846], "en": [0.5779986381530762, 0.9910013675689697, 0.5199995040893555, 0.581355094909668, 0.8869969844818115, 0.6989967823028564, 0.3210000991821289, 0.9189999103546143, 0.5619995594024658, 0.7119977474212646], "all": [0.8700003623962402, 0.9869997501373291, 0.9249992370605469, 0.5049998760223389, 0.43199682235717773, 0.8509993553161621, 0.9059984683990479, 0.7759976387023926, 0.6959993839263916, 0.8650009632110596]}, "params": {"n_shot": 8, "lang": ["fr", "en"], "n_iter": 10, "model": "sentence-transformers/paraphrase-mpnet-base-v2", "loss": "Triplet"}}