{"results": {"2": [0.5535714285714286, 0.6360153256704981, 0.5522620904836193, 0.3397212543554007, 0.6222222222222222, 0.4074074074074074, 0.5153203342618384, 0.6138211382113821, 0.43434343434343436, 0.2570694087403599, 0.4621026894865526, 0.6098003629764065, 0.522273425499232, 0.5006954102920723, 0.4605263157894737, 0.4339869281045752, 0.5841269841269842, 0.5691906005221932, 0.4136310223266745, 0.564299424184261, 0.56875, 0.5181950509461426, 0.3566760037348273, 0.5584045584045584, 0.5736434108527132, 0.44072164948453607, 0.44786729857819907, 0.49072164948453606, 0.5181058495821727, 0.5065616797900262, 0.43028846153846156, 0.43843031123139375, 0.4729981378026071, 0.565008025682183, 0.4141749723145072, 0.5013123359580053, 0.5057142857142857, 0.5429864253393665, 0.46033810143042914, 0.40310077519379844, 0.3521897810218978, 0.562962962962963, 0.5748502994011976, 0.5879120879120879, 0.5480769230769231, 0.6403326403326404, 0.5766871165644172, 0.37773359840954274, 0.5303867403314917, 0.4362244897959184, 0.4982456140350877, 0.40987654320987654, 0.5335235378031383, 0.6118421052631579, 0.38095238095238093, 0.37684003925417076, 0.5571030640668524, 0.49808429118773945, 0.5593667546174143, 0.521978021978022, 0.5775577557755776, 0.36151603498542273, 0.4472049689440994, 0.5375, 0.3925233644859813, 0.5395189003436426, 0.5323076923076923, 0.480946123521682, 0.44862155388471175, 0.47344461305007585, 0.5376661742983752, 0.5383304940374787, 0.5316455696202531, 0.6335697399527187, 0.38564102564102565, 0.5576923076923077, 0.4913494809688581, 0.6436781609195402, 0.49586776859504134, 0.4145534729878721, 0.52734375, 0.44651162790697674, 0.41530054644808745, 0.5503355704697986, 0.4681647940074906, 0.49691358024691357, 0.5509838998211091, 0.3567467652495379, 0.3597733711048159, 0.3564954682779456, 0.4496124031007752, 0.5375, 0.5490848585690515, 0.47115384615384615, 0.48105436573311366, 0.3905635648754915, 0.5720164609053497, 0.3422818791946309, 0.5532879818594104, 0.3528368794326241], "5": [0.6233269598470363, 0.7522935779816514, 0.5225505443234837, 0.47474747474747475, 0.6377358490566037, 0.701123595505618, 0.688034188034188, 0.31893004115226337, 0.5737373737373738, 0.6932773109243697, 0.6121593291404612, 0.47560975609756095, 0.5619834710743802, 0.7130434782608696, 0.6206896551724138, 0.7096774193548387, 0.5870646766169154, 0.5705614567526556, 0.5957446808510638, 0.5418569254185692, 0.609715242881072, 0.7102803738317757, 0.6211453744493393, 0.6666666666666666, 0.6938775510204082, 0.6746987951807228, 0.6104553119730185, 0.5563636363636364, 0.5637583892617449, 0.5138121546961326, 0.6604651162790698, 0.6459854014598541, 0.634315424610052, 0.6653386454183267, 0.7135922330097088, 0.6817155756207675, 0.5767790262172284, 0.5765765765765766, 0.5243328100470958, 0.6541353383458647, 0.594306049822064, 0.6205533596837944, 0.5045871559633027, 0.6416666666666667, 0.6946902654867256, 0.7298969072164948, 0.6792452830188679, 0.5894736842105263, 0.6238532110091743, 0.594855305466238, 0.5403726708074534, 0.6322869955156951, 0.5329249617151608, 0.6189624329159212, 0.7323943661971831, 0.6691312384473198, 0.5122699386503068, 0.4880952380952381, 0.5729349736379613, 0.6939655172413793, 0.5087014725568942, 0.5588822355289421, 0.7229437229437229, 0.44106463878326996, 0.6910569105691057, 0.6710816777041942, 0.5753424657534246, 0.5543964232488823, 0.6298850574712643, 0.6021505376344086, 0.40864864864864864, 0.65625, 0.6680761099365751, 0.6881287726358148, 0.5895765472312704, 0.6680851063829787, 0.5227272727272727, 0.5784313725490197, 0.5094017094017094, 0.40298507462686567, 0.6354679802955665, 0.3466666666666667, 0.5799457994579946, 0.604, 0.6196581196581197, 0.6053097345132743, 0.7158351409978309, 0.6840958605664488, 0.6626746506986028, 0.5181818181818182, 0.6861313868613139, 0.6717850287907869, 0.6338329764453962, 0.6666666666666666, 0.6641221374045801, 0.7051792828685259, 0.7061611374407583, 0.6183745583038869, 0.6144578313253012, 0.6416861826697893], "10": [0.7539503386004515, 0.7864077669902912, 0.6666666666666666, 0.7276688453159041, 0.6881287726358148, 0.7237687366167024, 0.7494033412887828, 0.644927536231884, 0.735632183908046, 0.6947791164658634, 0.6746031746031746, 0.6389891696750902, 0.7025948103792415, 0.68, 0.684, 0.7162162162162162, 0.7411167512690355, 0.6052631578947368, 0.615916955017301, 0.6486486486486487, 0.6433566433566433, 0.7185929648241206, 0.7523809523809524, 0.6905263157894737, 0.7454545454545455, 0.7117117117117117, 0.4951856946354883, 0.7300215982721382, 0.6378378378378379, 0.6722338204592901, 0.7242105263157895, 0.6982758620689655, 0.6358792184724689, 0.6391752577319587, 0.7087576374745418, 0.5178082191780822, 0.6693069306930693, 0.7488372093023256, 0.7166666666666667, 0.7261410788381742, 0.6948356807511737, 0.6506024096385542, 0.7014613778705637, 0.7217391304347827, 0.7731481481481481, 0.7286063569682152, 0.7316017316017316, 0.6509635974304069, 0.7164948453608248, 0.7184035476718403, 0.5504587155963303, 0.6730401529636711, 0.6102819237147595, 0.6593806921675774, 0.647985989492119, 0.6028880866425993, 0.7085953878406709, 0.7419354838709677, 0.6639004149377593, 0.6904761904761905, 0.6964285714285714, 0.6959847036328872, 0.6247755834829444, 0.7494456762749445, 0.7370892018779343, 0.6239168110918544, 0.6564885496183206, 0.6837944664031621, 0.6666666666666666, 0.6892950391644909, 0.7396061269146609, 0.7395348837209302, 0.6108007448789572, 0.5093833780160858, 0.659217877094972, 0.6584070796460177, 0.662962962962963, 0.6607538802660754, 0.7148760330578512, 0.7084233261339092, 0.6557377049180327, 0.6976744186046512, 0.6585858585858586, 0.6898263027295285, 0.7025948103792415, 0.7302325581395349, 0.7310344827586207, 0.7330097087378641, 0.7405764966740577, 0.7020785219399538, 0.6484210526315789, 0.6550387596899225, 0.6962616822429907, 0.6990291262135923, 0.6896551724137931, 0.7777777777777778, 0.5322314049586777, 0.6576402321083172, 0.6575875486381323, 0.6136363636363636], "30": [0.6788321167883211, 0.7739130434782608, 0.7435294117647059, 0.7428571428571429, 0.7589743589743589, 0.7547169811320755, 0.7288135593220338, 0.7865707434052758, 0.8018648018648019, 0.7696078431372549, 0.7061143984220908, 0.7221095334685599, 0.7614879649890591, 0.6654867256637168, 0.7453416149068323, 0.743801652892562, 0.7635574837310195, 0.7589285714285714, 0.7538126361655774, 0.7478632478632479, 0.78125, 0.7516198704103672, 0.7971014492753623, 0.7494736842105263, 0.8028503562945368, 0.7777777777777778, 0.7671840354767184, 0.7714987714987716, 0.7899543378995434, 0.7722342733188721, 0.7280163599182005, 0.7239263803680982, 0.7871853546910755, 0.7473460721868365, 0.7494824016563147, 0.7292110874200426, 0.6789667896678967, 0.7456896551724138, 0.7072243346007605, 0.7799043062200957, 0.738255033557047, 0.7668393782383419, 0.7801418439716312, 0.6843267108167771, 0.7563805104408353, 0.7370689655172413, 0.7813953488372093, 0.7422222222222222, 0.7796610169491526, 0.7651331719128329, 0.7858823529411765, 0.7722342733188721, 0.7842227378190255, 0.789598108747045, 0.7767857142857143, 0.7990762124711316, 0.7881548974943052, 0.7462039045553145, 0.755939524838013, 0.734065934065934, 0.6719681908548708, 0.7616707616707616, 0.7511961722488039, 0.7855421686746988, 0.7424593967517401, 0.742014742014742, 0.7257019438444925, 0.7758620689655172, 0.7391304347826086, 0.7488789237668162, 0.7813953488372093, 0.7331887201735358, 0.7482014388489209, 0.7718446601941747, 0.6715328467153284, 0.6641366223908919, 0.7813953488372093, 0.7706422018348624, 0.7614678899082569, 0.783410138248848, 0.7738927738927739, 0.7741935483870968, 0.78, 0.7665847665847666, 0.7707317073170732, 0.7472035794183445, 0.7677261613691931, 0.7606263982102909, 0.7874396135265701, 0.7651715039577837, 0.7677725118483413, 0.7407407407407407, 0.721030042918455, 0.7733333333333333, 0.7575757575757576, 0.7972665148063781, 0.7848699763593381, 0.7346072186836518, 0.7602591792656588, 0.717948717948718],