{"results": {"2": [0.33942196531791907, 0.3301098901098901, 0.6064864864864865, 0.4001029866117405], "4": [0.593235039028621, 0.47107438016528924, 0.5587734241908007, 0.6205331820760068], "6": [0.5460030165912518, 0.5192374350086655, 0.5154998258446535, 0.5446494464944649], "8": [0.5726335520149953, 0.5155589704187477, 0.6544600938967137, 0.6383970177073626], "10": [0.627080521817364, 0.5748124753257008, 0.6140186915887851, 0.6217712177121771], "20": [0.5878489326765188, 0.690700104493208, 0.698379508625196, 0.7157569515962925], "40": [0.6796949475691134, 0.6773736419461502, 0.7091988130563798, 0.7297709923664122], "60": [0.687984496124031, 0.6552808988764045, 0.7024436990896022, 0.7247524752475247], "100": [0.6954459203036053, 0.7501272264631044]}, "train_times": {"2": [2.4819979667663574, 2.4400007724761963, 2.414527177810669, 2.42799711227417], "4": [4.557000160217285, 4.656036615371704, 4.426999092102051, 4.480999708175659], "6": [6.985939264297485, 6.782850742340088, 7.008408546447754, 7.004147052764893], "8": [9.34399151802063, 8.468034982681274, 9.151997804641724, 8.794997692108154], "10": [10.633102416992188, 10.847997665405273, 11.04252815246582, 10.515999555587769], "20": [21.26599931716919, 22.1729998588562, 22.950307369232178, 21.92099928855896], "40": [48.598376750946045, 42.781516551971436, 42.65499925613403, 45.85099816322327], "60": [64.79400205612183, 68.68102431297302, 70.28699779510498, 64.84999823570251], "100": [110.76477146148682, 124.24526286125183]}, "params": {"n_shot": [2, 4, 6, 8, 10, 20, 40, 60, 100], "n_iter": 2, "n_max_iter_per_shot": 2, "model": "sentence-transformers/paraphrase-mpnet-base-v2", "loss": "Triplet"}}