{"results": {"[6,10]": [0.6465028355387523, 0.6496815286624203, 0.7008547008547008, 0.5688487584650113, 0.6195028680688337, 0.6530612244897959, 0.6937984496124031, 0.6896551724137931, 0.6442687747035574, 0.646551724137931], "[10,15]": [0.6586826347305389, 0.6180257510729614, 0.6163265306122448, 0.6398467432950191, 0.7803617571059431, 0.6218809980806143, 0.62, 0.6604477611940298, 0.70509977827051, 0.7373068432671082], "[15,20]": [0.7321428571428571, 0.6376811594202898, 0.5753899480069324, 0.5686274509803921, 0.7230443974630021, 0.5880503144654088, 0.7216981132075472, 0.6729411764705883, 0.6459143968871596, 0.7240506329113924], "[20,30]": [0.694949494949495, 0.7076271186440678, 0.7092511013215859, 0.647787610619469, 0.5082706766917293, 0.6486486486486487, 0.7254509018036072, 0.6889763779527559, 0.7172131147540983, 0.6625766871165644], "[6,15]": [0.6910112359550562, 0.6389413988657845, 0.6954545454545454, 0.6257668711656442, 0.6785714285714286, 0.7142857142857143, 0.6321428571428571, 0.5686900958466453, 0.6973684210526315, 0.6381461675579323], "[15,30]": [0.6973180076628352, 0.696078431372549, 0.6909975669099757, 0.625, 0.7302904564315352, 0.6181102362204725, 0.5358490566037736, 0.721868365180467, 0.5585874799357945, 0.7315010570824524], "[6,20]": [0.7120879120879121, 0.6653306613226453, 0.6134969325153374, 0.7046070460704607, 0.711864406779661, 0.6474820143884892, 0.5952380952380952, 0.6584158415841584, 0.6908315565031983, 0.7354838709677419], "[10,30]": [0.6454183266932271, 0.7276995305164319, 0.6351931330472103, 0.6411483253588517, 0.561122244488978, 0.6576402321083172, 0.6789366053169734, 0.616600790513834, 0.6968973747016707, 0.7192118226600985], "[6,30]": [0.6309963099630996, 0.7688888888888888, 0.5053191489361702, 0.7084233261339092, 0.74364896073903, 0.6075949367088608, 0.6131078224101479, 0.6116838487972509, 0.636, 0.6796116504854369]}, "train_times": {"[6,10]": [0.13199949264526367, 0.28699684143066406, 0.23599934577941895, 0.30299973487854004, 0.2219984531402588, 0.28999972343444824, 0.13199996948242188, 0.2869992256164551, 0.3699979782104492, 0.25699782371520996], "[10,15]": [0.24300074577331543, 0.3619985580444336, 0.31299853324890137, 0.2910017967224121, 0.3059988021850586, 0.2830009460449219, 0.30900120735168457, 0.28442931175231934, 0.4049994945526123, 0.378997802734375], "[15,20]": [0.35599732398986816, 0.3919966220855713, 0.28299880027770996, 0.33499860763549805, 0.33899712562561035, 0.4049956798553467, 0.39099788665771484, 0.3319990634918213, 0.3509974479675293, 0.37799882888793945], "[20,30]": [0.4369957447052002, 0.346998929977417, 0.3419961929321289, 0.3079986572265625, 0.33499979972839355, 0.3319969177246094, 0.40399765968322754, 0.3549973964691162, 0.4350006580352783, 0.41499781608581543], "[6,15]": [0.34200000762939453, 0.24199938774108887, 0.37099575996398926, 0.37599968910217285, 0.27699947357177734, 0.2819991111755371, 0.2599973678588867, 0.2850008010864258, 0.330996036529541, 0.26599860191345215], "[15,30]": [0.37399840354919434, 0.29399800300598145, 0.3599991798400879, 0.3900001049041748, 0.36499643325805664, 0.3719966411590576, 0.384995698928833, 0.4249997138977051, 0.3319966793060303, 0.30899786949157715], "[6,20]": [0.3339982032775879, 0.312000036239624, 0.3409996032714844, 0.3029978275299072, 0.33100032806396484, 0.29799890518188477, 0.29599881172180176, 0.33900022506713867, 0.30499911308288574, 0.3190145492553711], "[10,30]": [0.2989997863769531, 0.33299756050109863, 0.34799909591674805, 0.3189988136291504, 0.39299869537353516, 0.3789975643157959, 0.3309977054595947, 0.3489978313446045, 0.3579990863800049, 0.3199961185455322], "[6,30]": [0.3379981517791748, 0.3569974899291992, 0.3729994297027588, 0.38499999046325684, 0.36499810218811035, 0.3599984645843506, 0.4129972457885742, 0.31299614906311035, 0.2779996395111084, 0.3419978618621826]}, "params": {"input_length_range": [[6, 10], [10, 15], [15, 20], [20, 30], [6, 15], [15, 30], [6, 20], [10, 30], [6, 30]], "n_shot": 8, "n_iter": 10, "model": "sentence-transformers/paraphrase-mpnet-base-v2", "loss": "Triplet"}}