{"results": {"[6,10]": [0.6465028355387523, 0.6496815286624203, 0.7008547008547008, 0.5688487584650113, 0.6195028680688337, 0.6530612244897959, 0.6937984496124031, 0.6896551724137931, 0.6442687747035574, 0.646551724137931, 0.6694736842105263, 0.6993865030674846, 0.7596153846153846, 0.6517311608961304, 0.5736434108527132, 0.7103825136612022, 0.6230769230769231, 0.7238095238095238, 0.5300859598853869, 0.6876404494382022, 0.6764705882352942, 0.6909090909090909, 0.689108910891089, 0.6061946902654868, 0.6954545454545454, 0.7033492822966507, 0.6837606837606838, 0.5709156193895871, 0.6464646464646465, 0.5558312655086849, 0.6981981981981982, 0.6532438478747203, 0.701123595505618, 0.715, 0.6919191919191919, 0.6830265848670757, 0.6758620689655173, 0.6579520697167756, 0.726027397260274, 0.7421052631578947, 0.6861924686192469, 0.702576112412178, 0.6652360515021459, 0.5870967741935483, 0.6650602409638554], "[10,15]": [0.6586826347305389, 0.6180257510729614, 0.6163265306122448, 0.6398467432950191, 0.7803617571059431, 0.6218809980806143, 0.62, 0.6604477611940298, 0.70509977827051, 0.7373068432671082, 0.6742209631728046, 0.6121212121212121, 0.6666666666666666, 0.734065934065934, 0.7511961722488039, 0.6008064516129032, 0.6335877862595419, 0.5290023201856149, 0.6365914786967418, 0.657258064516129, 0.7092511013215859, 0.6626984126984127, 0.6181818181818182, 0.6935866983372921, 0.5278450363196125, 0.6464646464646465, 0.6666666666666666, 0.5775656324582339, 0.6264591439688716, 0.7304347826086957, 0.76, 0.701123595505618, 0.6666666666666666, 0.610989010989011, 0.5465465465465466, 0.5450901803607214, 0.6159695817490495, 0.5996204933586338, 0.5986984815618221, 0.6705426356589147, 0.6523605150214592, 0.6559139784946236, 0.7424242424242424, 0.5578947368421052, 0.6028708133971292], "[15,20]": [0.7321428571428571, 0.6376811594202898, 0.5753899480069324, 0.5686274509803921, 0.7230443974630021, 0.5880503144654088, 0.7216981132075472, 0.6729411764705883, 0.6459143968871596, 0.7240506329113924, 0.7035175879396985, 0.7536231884057971, 0.6441947565543071, 0.6956521739130435, 0.6510538641686182, 0.6756238003838771, 0.7464788732394366, 0.6346555323590815, 0.7512437810945274, 0.7306791569086651, 0.7316017316017316, 0.7334963325183375, 0.7004405286343612, 0.7156398104265402, 0.7171717171717171, 0.6132404181184669, 0.6765432098765433, 0.6666666666666666, 0.6599597585513078, 0.6521739130434783, 0.6978922716627635, 0.715203426124197, 0.7210884353741497, 0.7069767441860465, 0.5807622504537205, 0.7205542725173211, 0.6423357664233577, 0.6548672566371682, 0.6743119266055045, 0.7045951859956237, 0.6462093862815884, 0.6413662239089184, 0.7108433734939759, 0.7614213197969543, 0.6889352818371608], "[20,30]": [0.694949494949495, 0.7076271186440678, 0.7092511013215859, 0.647787610619469, 0.5082706766917293, 0.6486486486486487, 0.7254509018036072, 0.6889763779527559, 0.7172131147540983, 0.6625766871165644, 0.6538461538461539, 0.6869565217391305, 0.7416267942583732, 0.7163561076604554, 0.7227722772277227, 0.6062717770034843, 0.6125290023201856, 0.6294227188081937, 0.6892177589852009, 0.6904761904761905, 0.6070826306913997, 0.697986577181208, 0.6427289048473968, 0.7288135593220338, 0.6637554585152838, 0.7464114832535885, 0.6288659793814433, 0.6475770925110133, 0.6570397111913358, 0.6244897959183674, 0.7023255813953488, 0.6692160611854685, 0.6268656716417911, 0.6519823788546255, 0.6961538461538461, 0.6993006993006993, 0.6779026217228464, 0.5901639344262295, 0.6490066225165563, 0.6919831223628692, 0.5670103092783505, 0.6509090909090909, 0.6263345195729537, 0.6580406654343808, 0.6846473029045643], "[6,15]": [0.6910112359550562, 0.6389413988657845, 0.6954545454545454, 0.6257668711656442, 0.6785714285714286, 0.7142857142857143, 0.6321428571428571, 0.5686900958466453, 0.6973684210526315, 0.6381461675579323, 0.6712328767123288, 0.634862385321101, 0.5783132530120482, 0.6592592592592592, 0.7238095238095238, 0.700228832951945, 0.7142857142857143, 0.7201946472019465, 0.6944444444444444, 0.6396917148362236, 0.5577889447236181, 0.6740576496674058, 0.5570093457943925, 0.7037037037037037, 0.562929061784897, 0.6819923371647509, 0.5633802816901409, 0.6651982378854625, 0.5562130177514792, 0.6703601108033241, 0.6623931623931624, 0.6632911392405063, 0.6536796536796536, 0.6744639376218323, 0.6115384615384616, 0.6950354609929078, 0.6004415011037527, 0.719047619047619, 0.7182044887780549, 0.7177242888402626, 0.6680244399185336, 0.5988700564971752, 0.6448362720403022, 0.7323340471092077, 0.6588235294117647], "[15,30]": [0.6973180076628352, 0.696078431372549, 0.6909975669099757, 0.625, 0.7302904564315352, 0.6181102362204725, 0.5358490566037736, 0.721868365180467, 0.5585874799357945, 0.7315010570824524, 0.6696230598669624, 0.690537084398977, 0.6411149825783972, 0.7373737373737373, 0.6541353383458647, 0.6446601941747573, 0.6483300589390962, 0.6613861386138614, 0.7221006564551422, 0.6443298969072165, 0.6902985074626866, 0.7361419068736141, 0.6338028169014085, 0.7411167512690355, 0.6610878661087866, 0.5988700564971752, 0.6176470588235294, 0.6307692307692307, 0.743142144638404, 0.75, 0.6432748538011696, 0.7396593673965937, 0.6926229508196722, 0.5939597315436241, 0.6991525423728814, 0.7523809523809524, 0.6611226611226612, 0.6388384754990926, 0.7208791208791209, 0.6758620689655173, 0.6511627906976745, 0.714975845410628, 0.6323529411764706, 0.5910780669144982, 0.6756152125279642], "[6,20]": [0.7120879120879121, 0.6653306613226453, 0.6134969325153374, 0.7046070460704607, 0.711864406779661, 0.6474820143884892, 0.5952380952380952, 0.6584158415841584, 0.6908315565031983, 0.7354838709677419, 0.7327188940092166, 0.6371681415929203, 0.6901098901098901, 0.6588235294117647, 0.6868686868686869, 0.7016706443914081, 0.7336448598130841, 0.68359375, 0.6, 0.7206477732793523, 0.49375, 0.7142857142857143, 0.7261146496815286, 0.6426426426426426, 0.6756152125279642, 0.5119236883942766, 0.7228915662650602, 0.6785714285714286, 0.6486486486486487, 0.6812227074235808, 0.6582278481012658, 0.7434052757793765, 0.7030878859857482, 0.7053364269141531, 0.6618357487922706, 0.6721991701244814, 0.6936936936936937, 0.6317829457364341, 0.6967741935483871, 0.6478260869565218, 0.6896551724137931, 0.6860706860706861, 0.7446300715990454, 0.690677966101695, 0.7300771208226221], "[10,30]": [0.6454183266932271, 0.7276995305164319, 0.6351931330472103, 0.6411483253588517, 0.561122244488978, 0.6576402321083172, 0.6789366053169734, 0.616600790513834, 0.6968973747016707, 0.7192118226600985, 0.6336996336996337, 0.723404255319149, 0.751131221719457, 0.6059479553903345, 0.5527272727272727, 0.5531914893617021, 0.6153846153846154, 0.6502835538752363, 0.6615384615384615, 0.6801007556675063, 0.683495145631068, 0.6537717601547389, 0.5903614457831325, 0.6380697050938338, 0.6578947368421053, 0.5518341307814992, 0.6510263929618768, 0.5028409090909091, 0.7055837563451777, 0.5067385444743935, 0.6085271317829457, 0.7019027484143763, 0.702928870292887, 0.7288135593220338, 0.6733466933867736, 0.6579520697167756, 0.6758893280632411, 0.6728538283062645, 0.7261146496815286, 0.6517857142857143, 0.7198177676537585, 0.6450381679389313, 0.7414187643020596, 0.6204238921001927, 0.6431226765799256],