{"results": {"[0,2]": [], "[1,3]": [], "[0,3]": [], "[1,2]": [], "[2,3]": [], "[3,4]": [0.0], "[4,5]": [0.13953488372093023], "[5,6]": [0.27586206896551724], "[6,7]": [0.7164179104477612], "[7,8]": [0.6473779385171791], "[8,9]": [0.7642679900744417], "[9,10]": [0.6741573033707865]}, "train_times": {"[0,2]": [], "[1,3]": [], "[0,3]": [], "[1,2]": [], "[2,3]": [], "[3,4]": [0.2670001983642578], "[4,5]": [0.21400070190429688], "[5,6]": [0.21799612045288086], "[6,7]": [0.30299949645996094], "[7,8]": [0.22800040245056152], "[8,9]": [0.29199934005737305], "[9,10]": [0.2823784351348877]}, "params": {"input_length_range": [[0, 2], [1, 3], [0, 3], [1, 2], [2, 3], [3, 4], [4, 5], [5, 6], [6, 7], [7, 8], [8, 9], [9, 10]], "n_shot": 8, "n_iter": 1, "model": "sentence-transformers/paraphrase-mpnet-base-v2", "loss": "Triplet"}}