{"results": {"[0,4]": [0.019801980198019802], "[4,5]": [0.13953488372093023], "[5,6]": [0.27586206896551724], "[6,7]": [0.7164179104477612], "[7,8]": [0.6473779385171791], "[8,9]": [0.7642679900744417], "[9,10]": [0.6741573033707865]}, "train_times": {"[0,4]": [0.24599981307983398], "[4,5]": [0.209000825881958], "[5,6]": [0.19899749755859375], "[6,7]": [0.22300028800964355], "[7,8]": [0.2050001621246338], "[8,9]": [0.21199893951416016], "[9,10]": [0.3419978618621826]}, "params": {"input_length_range": [[0, 4], [4, 5], [5, 6], [6, 7], [7, 8], [8, 9], [9, 10]], "n_shot": 8, "n_iter": 1, "model": "sentence-transformers/paraphrase-mpnet-base-v2", "loss": "Triplet"}}