{"results": {"[0,9]": [0.7239819004524887, 0.6968325791855203, 0.6485436893203883, 0.6772727272727272, 0.7276887871853547, 0.7427293064876958, 0.7162162162162162, 0.726890756302521, 0.7237163814180929, 0.7121212121212122, 0.625615763546798, 0.7168949771689498, 0.6972010178117048, 0.6551724137931034, 0.5884244372990354, 0.7104247104247104, 0.6153846153846154, 0.6529850746268657, 0.6614583333333334, 0.6984924623115578], "[9,100]": [0.6680327868852459, 0.6219931271477663, 0.6223021582733813, 0.734065934065934, 0.661498708010336, 0.6413662239089184, 0.592741935483871, 0.5221674876847291, 0.6568265682656826, 0.6425531914893617, 0.5427974947807933, 0.7216494845360825, 0.649402390438247, 0.6160164271047228, 0.6844444444444444, 0.589540412044374, 0.6783625730994152, 0.583596214511041, 0.58984375, 0.6045016077170418], "[9,350]": [0.5807622504537205, 0.4417767106842737, 0.7181628392484343, 0.6707070707070707, 0.6118421052631579, 0.708803611738149, 0.6926070038910506, 0.7049180327868853, 0.6288848263254113, 0.7112068965517241, 0.6785009861932939, 0.7309417040358744, 0.5741324921135647, 0.7191489361702128, 0.66015625, 0.6228893058161351, 0.7081339712918661, 0.6666666666666666, 0.7404255319148936, 0.6336283185840708], "[100,350]": [0.5878378378378378, 0.6088560885608856, 0.6383763837638377, 0.6558704453441295, 0.6013745704467354, 0.5445859872611465, 0.47959183673469385, 0.6433823529411765, 0.6428571428571429, 0.6349206349206349, 0.5838709677419355, 0.5508196721311476, 0.615916955017301, 0.6058519793459552, 0.5543964232488823, 0.5805369127516778, 0.6010928961748634, 0.5634782608695652, 0.45558739255014324, 0.6767485822306238]}, "run_times": {"[0,9]": [0.13200163841247559, 0.2999989986419678, 0.6129975318908691, 0.2629990577697754, 0.33100056648254395, 0.28799962997436523, 0.5120017528533936, 0.3360002040863037, 0.34599828720092773, 0.26600074768066406, 0.4799995422363281, 0.27300000190734863, 0.32799863815307617, 0.25300097465515137, 0.45400071144104004, 0.30899953842163086, 0.26200008392333984, 0.3040010929107666, 0.8510007858276367, 0.3450014591217041], "[9,100]": [0.7229986190795898, 0.5579984188079834, 0.5399999618530273, 0.48199963569641113, 0.5659980773925781, 0.5399956703186035, 0.3810000419616699, 0.5569980144500732, 0.6089997291564941, 0.606999397277832, 0.6349959373474121, 0.6149992942810059, 0.5369992256164551, 0.6939961910247803, 0.48799824714660645, 0.6229987144470215, 0.5879991054534912, 0.5470006465911865, 0.48299717903137207, 0.6020007133483887], "[9,350]": [0.7889997959136963, 0.8989999294281006, 1.294996976852417, 0.747999906539917, 0.9249987602233887, 1.082998514175415, 1.2300002574920654, 0.8809990882873535, 2.253997564315796, 0.6399989128112793, 0.7909972667694092, 1.2959964275360107, 0.8029990196228027, 0.47499918937683105, 0.5919992923736572, 0.5979983806610107, 1.6899974346160889, 1.2059993743896484, 0.7579967975616455, 0.6769974231719971], "[100,350]": [1.3420002460479736, 3.69700026512146, 1.4830007553100586, 1.8189997673034668, 1.1589961051940918, 2.5320003032684326, 1.2879998683929443, 2.213611364364624, 1.444000005722046, 2.655000925064087, 1.333000659942627, 1.7839999198913574, 1.8879969120025635, 2.9635229110717773, 1.2999975681304932, 1.4579997062683105, 1.170999526977539, 9.375008583068848, 1.875009298324585, 0.9850006103515625]}, "params": {"input_length_range": [[0, 9], [9, 100], [9, 350], [100, 350]], "n_shot": 8, "n_iter": 20, "model": "sentence-transformers/paraphrase-mpnet-base-v2", "loss": "Triplet"}}