{"results": {"[0,350]": [0.764102564102564, 0.692144373673036, 0.6937984496124031, 0.6127946127946128, 0.6832579185520362, 0.5506329113924051, 0.6221441124780316, 0.6390532544378699, 0.7164948453608248, 0.6721991701244814, 0.6173752310536045, 0.5836065573770491, 0.6579439252336449, 0.5882352941176471, 0.6844660194174758, 0.6509433962264151, 0.5773524720893142, 0.6607929515418502, 0.6460980036297641, 0.7099391480730223]}, "run_times": {"[0,350]": [1.3215360641479492, 4.099999666213989, 0.6499993801116943, 0.7379984855651855, 1.254523515701294, 23.39075994491577, 4.749000549316406, 1.046999454498291, 0.490997314453125, 0.7719981670379639, 0.974998950958252, 0.5940001010894775, 0.6729996204376221, 7.3577070236206055, 0.7760000228881836, 0.7759976387023926, 4.610000848770142, 10.231562852859497, 5.7173240184783936, 2.1450002193450928]}, "params": {"input_length_range": [[0, 350]], "n_shot": 8, "n_iter": 20, "model": "sentence-transformers/paraphrase-mpnet-base-v2", "loss": "Triplet"}}