{"results": {"[0,5]": [0.1308411214953271, 0.15668202764976957, 0.09523809523809523, 0.18181818181818182, 0.11320754716981132, 0.0861244019138756, 0.0861244019138756, 0.0861244019138756, 0.22123893805309736, 0.23684210526315788], "[0,10]": [0.6572008113590264, 0.6849894291754757, 0.6624605678233438, 0.6417112299465241, 0.6358695652173914, 0.6867469879518072, 0.6442687747035574, 0.711340206185567, 0.6592920353982301, 0.6808510638297872], "[0,100]": [0.6906187624750499, 0.6211849192100538, 0.6978922716627635, 0.6004228329809725, 0.578268876611418, 0.6570841889117043, 0.7064935064935065, 0.6350877192982456, 0.6456400742115028, 0.7357293868921776], "[6,100]": [0.48739495798319327, 0.6639175257731958, 0.6013745704467354, 0.6529850746268657, 0.5903225806451613, 0.4482758620689655, 0.6755725190839694, 0.711864406779661, 0.7562642369020501, 0.7746835443037975], "[200,350]": [0.5667752442996743, 0.6397188049209139, 0.5868055555555556, 0.7077534791252486, 0.6166666666666667, 0.47282608695652173, 0.7008928571428571, 0.5979020979020979, 0.635036496350365, 0.6539196940726577], "all": [0.7613941018766756, 0.7109207708779444, 0.7257731958762886, 0.6164154103852596, 0.6784922394678492, 0.564935064935065, 0.6279491833030852, 0.6454183266932271, 0.7230769230769231, 0.6804979253112033]}, "train_times": {"[0,5]": [0.18000125885009766, 0.21199965476989746, 0.1589648723602295, 0.23799991607666016, 0.21200084686279297, 0.16700005531311035, 0.1790006160736084, 0.24399924278259277, 0.28300046920776367, 0.15700292587280273], "[0,10]": [0.30699729919433594, 0.35899996757507324, 0.25499653816223145, 0.3529982566833496, 0.28499722480773926, 0.26999902725219727, 0.2520003318786621, 0.27900004386901855, 0.3279998302459717, 0.35599637031555176], "[0,100]": [0.5619978904724121, 0.6369969844818115, 0.5980000495910645, 0.6299996376037598, 0.35199928283691406, 0.5340003967285156, 0.34799766540527344, 0.597998857498169, 0.6789991855621338, 0.5769975185394287], "[6,100]": [0.48999905586242676, 0.6099960803985596, 0.49200010299682617, 0.6770002841949463, 0.41700077056884766, 0.5759994983673096, 0.6649985313415527, 0.4929988384246826, 0.4929995536804199, 0.5719990730285645], "[200,350]": [1.59800124168396, 1.6429979801177979, 1.615999698638916, 1.6040003299713135, 1.7170941829681396, 1.6170001029968262, 1.6390013694763184, 1.6029987335205078, 1.685997486114502, 1.6160008907318115], "all": [1.0370004177093506, 1.106999158859253, 0.5439975261688232, 0.6039965152740479, 0.8999989032745361, 1.1780002117156982, 0.6649982929229736, 0.6529982089996338, 0.5439977645874023, 0.7419989109039307]}, "params": {"input_length_range": [[0, 5], [0, 10], [0, 100], [6, 100], [200, 350]], "n_shot": 8, "n_iter": 10, "model": "sentence-transformers/paraphrase-mpnet-base-v2", "loss": "Triplet"}}