{"results": {"[0,9]": [0.7239819004524887, 0.6968325791855203], "[1,9]": [0.7239819004524887, 0.6968325791855203], "[2,9]": [0.7239819004524887, 0.6968325791855203], "[3,9]": [0.6837944664031621, 0.6407185628742516], "[4,9]": [0.7381546134663342, 0.6776180698151951], "[5,9]": [0.6782608695652174, 0.7336244541484717], "[6,9]": [0.5960591133004927, 0.58], "[7,9]": [0.6719367588932806, 0.6952595936794582], "[8,9]": [0.7642679900744417, 0.7630331753554502], "[9,9]": [0.6805555555555556, 0.6981627296587927]}, "train_times": {"[0,9]": [3.0634233951568604, 0.22600007057189941], "[1,9]": [0.3019988536834717, 0.23399949073791504], "[2,9]": [0.320997953414917, 0.321000337600708], "[3,9]": [0.3209972381591797, 0.32599949836730957], "[4,9]": [0.24100089073181152, 0.21899724006652832], "[5,9]": [0.29199838638305664, 0.21199989318847656], "[6,9]": [0.2819976806640625, 0.21599817276000977], "[7,9]": [0.24500036239624023, 0.1939992904663086], "[8,9]": [0.22499990463256836, 0.21199703216552734], "[9,9]": [0.3640012741088867, 0.24699735641479492]}, "params": {"input_length_range": [[0, 9], [1, 9], [2, 9], [3, 9], [4, 9], [5, 9], [6, 9], [7, 9], [8, 9], [9, 9]], "n_shot": 8, "n_iter": 2, "model": "sentence-transformers/paraphrase-mpnet-base-v2", "loss": "Triplet"}}