{"results": {"[0,3]": [], "[0,4]": [0.019801980198019802, 0.009950248756218905, 0.0392156862745098, 0.0, 0.019801980198019802, 0.019801980198019802, 0.0, 0.029556650246305417, 0.0, 0.029556650246305417], "[0,5]": [0.1308411214953271, 0.15668202764976957, 0.09523809523809523, 0.18181818181818182, 0.11320754716981132, 0.0861244019138756, 0.0861244019138756, 0.0861244019138756, 0.22123893805309736, 0.23684210526315788], "[0,6]": [0.6477987421383647, 0.5637583892617449, 0.6501547987616099, 0.5589225589225589, 0.594059405940594, 0.4981949458483754, 0.5838926174496645, 0.5616438356164384, 0.6143790849673203, 0.6476190476190476], "[0,7]": [0.6653992395437263, 0.7297297297297297, 0.6784660766961652, 0.71, 0.7299270072992701, 0.6624472573839663, 0.6877828054298643, 0.7127882599580713, 0.6484375, 0.5993690851735016], "[0,8]": [0.6866952789699571, 0.6873508353221957, 0.7219730941704036, 0.5018181818181818, 0.6711409395973155, 0.6735751295336787, 0.6666666666666666, 0.6666666666666666, 0.7053571428571429, 0.7136929460580913], "[0,9]": [0.7239819004524887, 0.6968325791855203, 0.6485436893203883, 0.6772727272727272, 0.7276887871853547, 0.7427293064876958, 0.7162162162162162, 0.726890756302521, 0.7237163814180929, 0.7121212121212122], "[0,10]": [0.6421267893660532, 0.6830265848670757, 0.6707692307692308, 0.626970227670753, 0.6770025839793282, 0.7204610951008645, 0.6511627906976745, 0.7142857142857143, 0.6538461538461539, 0.6975717439293598], "all": [0.764102564102564, 0.692144373673036, 0.6937984496124031, 0.6127946127946128, 0.6832579185520362, 0.5506329113924051, 0.6221441124780316, 0.6390532544378699, 0.7164948453608248, 0.6721991701244814]}, "train_times": {"[0,3]": [], "[0,4]": [0.21499943733215332, 0.16700077056884766, 0.1639997959136963, 0.08299946784973145, 0.16500020027160645, 0.15700006484985352, 0.19299960136413574, 0.10699987411499023, 0.08100032806396484, 0.1699995994567871], "[0,5]": [0.22500061988830566, 0.2890000343322754, 0.2499990463256836, 0.25, 0.25099968910217285, 0.18600010871887207, 0.17199993133544922, 0.17599964141845703, 0.18200063705444336, 0.21800017356872559], "[0,6]": [0.20099854469299316, 0.20300054550170898, 0.18400025367736816, 0.2239992618560791, 0.2129993438720703, 0.21500015258789062, 0.19900083541870117, 0.24300074577331543, 0.2970008850097656, 0.29000163078308105], "[0,7]": [0.20000028610229492, 0.25999951362609863, 0.17100000381469727, 0.3449997901916504, 0.31099700927734375, 0.2570006847381592, 0.2220005989074707, 0.2999997138977051, 0.1919999122619629, 0.2070004940032959], "[0,8]": [0.19100093841552734, 0.21000051498413086, 0.2820014953613281, 0.2460010051727295, 0.2690010070800781, 0.2200005054473877, 0.2650010585784912, 0.31800007820129395, 0.2800004482269287, 0.3039984703063965], "[0,9]": [0.23399710655212402, 0.2259984016418457, 0.2560005187988281, 0.34599757194519043, 0.343996524810791, 0.34999680519104004, 0.22499918937683105, 0.31999993324279785, 0.32000088691711426, 0.20999979972839355], "[0,10]": [0.21799659729003906, 0.2519998550415039, 0.2480008602142334, 0.2129967212677002, 0.27699756622314453, 0.2409992218017578, 0.2089998722076416, 0.33100032806396484, 0.21699953079223633, 0.2969996929168701], "all": [0.985001802444458, 1.3049960136413574, 0.5979998111724854, 0.7649986743927002, 0.9550004005432129, 2.9260003566741943, 0.7309989929199219, 0.547999382019043, 0.502000093460083, 0.7700004577636719]}, "params": {"input_length_range": [[0, 3], [0, 4], [0, 5], [0, 6], [0, 7], [0, 8], [0, 9], [0, 10]], "n_shot": 8, "n_iter": 10, "model": "sentence-transformers/paraphrase-mpnet-base-v2", "loss": "Triplet"}}