{"results": {"[8,50]": [0.5121555915721232, 0.5950704225352113, 0.6836734693877551, 0.7161016949152542, 0.6745562130177515], "[8,100]": [0.7432150313152401, 0.6312056737588653, 0.6016806722689075, 0.6782945736434108, 0.6851851851851852], "[8,150]": [0.5743243243243243, 0.6538461538461539, 0.7073170731707317, 0.6358381502890174, 0.6731141199226306], "[8,200]": [0.6610526315789473, 0.6197718631178707, 0.6444007858546169, 0.7345971563981043, 0.6370370370370371], "[8,250]": [0.6578366445916115, 0.6928104575163399, 0.6167247386759582, 0.5582922824302134, 0.6802443991853361], "[8,300]": [0.7085953878406709, 0.5491923641703378, 0.604, 0.762402088772846, 0.5596184419713831], "[8,350]": [0.7393364928909952, 0.67578125, 0.6023294509151415, 0.6268115942028986, 0.6471734892787524], "all": [0.764102564102564, 0.692144373673036, 0.6937984496124031, 0.6127946127946128, 0.6832579185520362]}, "run_times": {"[8,50]": [0.25899839401245117, 0.4220004081726074, 0.3599996566772461, 0.3410000801086426, 0.42499661445617676], "[8,100]": [0.5389957427978516, 0.43900012969970703, 0.5299992561340332, 0.6719985008239746, 0.5319986343383789], "[8,150]": [0.7759993076324463, 0.7149999141693115, 0.6179995536804199, 0.5890007019042969, 0.6549990177154541], "[8,200]": [0.8619983196258545, 1.193000078201294, 0.9180006980895996, 0.786524772644043, 0.7829961776733398], "[8,250]": [0.7419991493225098, 0.8139996528625488, 0.7890005111694336, 1.084998369216919, 0.7639989852905273], "[8,300]": [0.8650004863739014, 0.9200212955474854, 0.6549997329711914, 0.7999982833862305, 2.743997812271118], "[8,350]": [1.0530259609222412, 1.1749999523162842, 0.8680000305175781, 0.6939997673034668, 1.5729997158050537], "all": [1.0380001068115234, 1.3269996643066406, 0.551999568939209, 0.7640504837036133, 0.9700000286102295]}, "params": {"input_length_range": [[8, 50], [8, 100], [8, 150], [8, 200], [8, 250], [8, 300], [8, 350]], "n_shot": 8, "n_iter": 5, "model": "sentence-transformers/paraphrase-mpnet-base-v2", "loss": "Triplet"}}