{"results": {"[0,5]": [0.1308411214953271, 0.15668202764976957, 0.09523809523809523, 0.18181818181818182, 0.11320754716981132, 0.0861244019138756, 0.0861244019138756, 0.0861244019138756, 0.22123893805309736, 0.23684210526315788, 0.07692307692307693, 0.19004524886877827, 0.12206572769953052, 0.14814814814814814, 0.24347826086956523, 0.1308411214953271, 0.2510822510822511, 0.10426540284360189, 0.15668202764976957, 0.1651376146788991, 0.22123893805309736, 0.1981981981981982, 0.1651376146788991, 0.22807017543859648, 0.11320754716981132, 0.3179916317991632, 0.30962343096234307, 0.32231404958677684, 0.23684210526315788, 0.15668202764976957, 0.12206572769953052, 0.2711864406779661, 0.23788546255506607, 0.1308411214953271, 0.15668202764976957, 0.1735159817351598, 0.18181818181818182, 0.11320754716981132, 0.13953488372093023, 0.09523809523809523, 0.23684210526315788, 0.20444444444444446, 0.19004524886877827, 0.17272727272727273, 0.1981981981981982, 0.21333333333333335, 0.09523809523809523, 0.24561403508771928, 0.09523809523809523, 0.1651376146788991], "[5,25]": [0.6815144766146993, 0.7384615384615385, 0.690537084398977, 0.663013698630137, 0.7113163972286374, 0.64376130198915, 0.7345971563981043, 0.6766917293233082, 0.6148409893992933, 0.6305418719211823, 0.719047619047619, 0.7117794486215538, 0.7109207708779444, 0.593103448275862, 0.6505376344086021, 0.7146067415730337, 0.7225806451612903, 0.6851485148514852, 0.6936416184971098, 0.7603686635944701, 0.7105263157894737, 0.7387862796833773, 0.6556016597510373, 0.6220472440944882, 0.6708595387840671, 0.6528497409326425, 0.6740947075208914, 0.570230607966457, 0.6169844020797227, 0.7511961722488039, 0.7032520325203252, 0.5811965811965812, 0.6347305389221557, 0.6440071556350626, 0.6604651162790698, 0.6492146596858639, 0.6345381526104418, 0.6561797752808989, 0.7127882599580713, 0.7034482758620689, 0.6625514403292181, 0.6211849192100538, 0.6952380952380952, 0.6741573033707865, 0.616695059625213, 0.5574324324324325, 0.7425968109339408, 0.5812619502868069, 0.6072106261859582, 0.6116322701688556], "[25,50]": [0.7512953367875648, 0.6625766871165644, 0.6156521739130435, 0.6567796610169492, 0.6984126984126984, 0.5916955017301038, 0.6437768240343348, 0.7050691244239631, 0.7089201877934272, 0.5694200351493849, 0.6536203522504892, 0.6604127579737336, 0.6180555555555556, 0.6898148148148148, 0.45618556701030927, 0.6729678638941399, 0.7423167848699763, 0.5738539898132428, 0.6960352422907489, 0.6257425742574257, 0.7191489361702128, 0.6548323471400395, 0.7352941176470589, 0.7260579064587973, 0.6525096525096525, 0.5568, 0.6527196652719666, 0.62708719851577, 0.7184035476718403, 0.6317757009345795, 0.6490872210953347, 0.7161572052401747, 0.6830188679245283, 0.6997742663656885, 0.6931106471816284, 0.6965376782077393, 0.6484210526315789, 0.7185354691075515, 0.5473684210526316, 0.7505422993492408, 0.6307385229540918, 0.576, 0.72544080604534, 0.7494252873563219, 0.7375886524822695, 0.6995708154506438, 0.7460674157303371, 0.6482504604051565, 0.7019027484143763, 0.621160409556314], "[50,100]": [0.652542372881356, 0.5814696485623003, 0.4773413897280967, 0.6187290969899666, 0.6720321931589537, 0.5598755832037325, 0.6773547094188377, 0.7368421052631579, 0.7139479905437353, 0.6205607476635514, 0.638623326959847, 0.56, 0.6423982869379015, 0.5197934595524957, 0.5996204933586338, 0.602112676056338, 0.6366906474820144, 0.7164179104477612, 0.6973684210526315, 0.6150442477876106, 0.5841584158415841, 0.6469428007889546, 0.7022222222222222, 0.5879828326180258, 0.7142857142857143, 0.6723044397463002, 0.7577937649880095, 0.6720977596741344, 0.46616541353383456, 0.6358595194085028, 0.6195028680688337, 0.6729678638941399, 0.5936254980079682, 0.703962703962704, 0.5737704918032787, 0.6632911392405063, 0.6532438478747203, 0.6193548387096774, 0.6495412844036698, 0.6754966887417219, 0.5925925925925926, 0.5917355371900826, 0.7296137339055794, 0.631578947368421, 0.6730038022813688, 0.7134020618556701, 0.6719681908548708, 0.5860805860805861, 0.6075085324232082, 0.7], "[100,200]": [0.6285714285714286, 0.6578366445916115, 0.6003824091778203, 0.6255506607929515, 0.6156716417910447, 0.6519114688128773, 0.6808510638297872, 0.6416861826697893, 0.6027397260273972, 0.6503067484662577, 0.6988505747126437, 0.7058823529411765, 0.4714946070878274, 0.5862068965517241, 0.5833333333333334, 0.610909090909091, 0.6578449905482041, 0.6481113320079522, 0.5358711566617862, 0.6451612903225806, 0.6298568507157464, 0.5083207261724659, 0.6431372549019608, 0.5916515426497277, 0.6997929606625258, 0.5541795665634675, 0.6956521739130435, 0.6356589147286822, 0.6059544658493871, 0.6938775510204082, 0.44386422976501305, 0.5828970331588132, 0.6515837104072398, 0.6329588014981273, 0.48046875, 0.6787878787878788, 0.5844155844155844, 0.6804123711340206, 0.6929133858267716, 0.7006651884700665, 0.64, 0.673773987206823, 0.6215277777777778, 0.650887573964497, 0.5945945945945946, 0.6613545816733067, 0.583596214511041, 0.5397412199630314, 0.558282208588957, 0.575139146567718], "[200,350]": [0.5532591414944356, 0.6161616161616161, 0.5728987993138936, 0.7198364008179959, 0.6161616161616161, 0.47606019151846785, 0.6883720930232559, 0.567741935483871, 0.6129032258064516, 0.6256983240223464, 0.6194029850746269, 0.5150214592274678, 0.6692015209125475, 0.5741626794258373, 0.6628131021194605, 0.5992366412213741, 0.587248322147651, 0.4044943820224719, 0.5014836795252225, 0.5777027027027027, 0.5983193277310924, 0.6758893280632411, 0.6072041166380789, 0.5013774104683195, 0.6757281553398058, 0.4814159292035398, 0.6313465783664459, 0.6067415730337079, 0.5076923076923077, 0.5813586097946287, 0.6584867075664622, 0.6420664206642066, 0.5502645502645502, 0.6972477064220184, 0.5, 0.6422764227642277, 0.6190476190476191, 0.7024952015355086, 0.6612244897959184, 0.5414012738853503, 0.5604900459418071, 0.5287009063444109, 0.6209386281588448, 0.5652173913043478, 0.7182795698924731, 0.587360594795539, 0.5499231950844854, 0.5601217656012176, 0.5397923875432526, 0.68389662027833]}, "train_times": {"[0,5]": [0.3149986267089844, 0.24100089073181152, 0.22699999809265137, 0.2500035762786865, 0.24300885200500488, 0.2219996452331543, 0.27900052070617676, 0.2739994525909424, 0.23799967765808105, 0.11999845504760742, 0.28999805450439453, 0.24100279808044434, 0.21599984169006348, 0.22099852561950684, 0.15999889373779297, 0.23399996757507324, 0.2810020446777344, 0.2199993133544922, 0.2239999771118164, 0.24100089073181152, 0.09599995613098145, 0.20199894905090332, 0.26600027084350586, 0.1699988842010498, 0.2559988498687744, 0.21200060844421387, 0.1639997959136963, 0.21599984169006348, 0.16100001335144043, 0.20499968528747559, 0.18100285530090332, 0.21399974822998047, 0.2109997272491455, 0.20799946784973145, 0.1770000457763672, 0.16899967193603516, 0.2649965286254883, 0.25500011444091797, 0.203995943069458, 0.19899892807006836, 0.2969968318939209, 0.17699980735778809, 0.17699718475341797, 0.3119983673095703, 0.1959972381591797, 0.15799999237060547, 0.23200082778930664, 0.25100016593933105, 0.2520008087158203, 0.24599909782409668],