{"results": {"[8,100]": [0.7432150313152401, 0.6312056737588653, 0.6016806722689075, 0.6782945736434108, 0.6851851851851852, 0.6584867075664622, 0.6666666666666666, 0.6610526315789473, 0.7058823529411765, 0.5819397993311036, 0.6752688172043011, 0.7424242424242424, 0.6595744680851063, 0.6507592190889371, 0.594855305466238, 0.6878306878306878, 0.6586345381526104, 0.6587301587301587, 0.6830265848670757, 0.7316017316017316], "[8,350]": [0.7393364928909952, 0.67578125, 0.6023294509151415, 0.6268115942028986, 0.6471734892787524, 0.6414253897550112, 0.6962025316455697, 0.5096870342771982, 0.7216035634743875, 0.6413301662707839, 0.681265206812652, 0.6638115631691649, 0.5843478260869566, 0.7234927234927235, 0.7066115702479339, 0.7282051282051282, 0.654275092936803, 0.6947791164658634, 0.698744769874477, 0.6798418972332015], "all": [0.764102564102564, 0.692144373673036, 0.6937984496124031, 0.6127946127946128, 0.6832579185520362, 0.5506329113924051, 0.6221441124780316, 0.6390532544378699, 0.7164948453608248, 0.6721991701244814, 0.6173752310536045, 0.5836065573770491, 0.6579439252336449, 0.5882352941176471, 0.6844660194174758, 0.6509433962264151, 0.5773524720893142, 0.6607929515418502, 0.6460980036297641, 0.7099391480730223]}, "train_times": {"[8,100]": [0.4960002899169922, 0.4699993133544922, 0.5519981384277344, 0.7249977588653564, 0.6359996795654297, 0.5099961757659912, 1.8110003471374512, 0.5990006923675537, 0.5169978141784668, 0.6729998588562012, 0.6320004463195801, 0.6730010509490967, 0.5959997177124023, 0.5249974727630615, 2.350001335144043, 0.5039989948272705, 0.6280007362365723, 0.8819994926452637, 0.5149998664855957, 0.5769994258880615], "[8,350]": [1.0299978256225586, 1.1370000839233398, 0.8109986782073975, 0.6249992847442627, 0.6449997425079346, 0.7049987316131592, 0.8520011901855469, 0.925999641418457, 1.961998701095581, 0.9100000858306885, 0.666999340057373, 1.054002046585083, 1.4030001163482666, 0.8560011386871338, 0.9360003471374512, 0.6450004577636719, 0.8320400714874268, 1.5090000629425049, 1.5179994106292725, 0.9279994964599609], "all": [1.044999122619629, 1.2409999370574951, 0.7409975528717041, 0.7699997425079346, 0.9089999198913574, 1.6650002002716064, 0.8110003471374512, 0.5539994239807129, 2.087001085281372, 0.660999059677124, 0.8680002689361572, 0.5779995918273926, 0.7119996547698975, 1.5870170593261719, 0.8680007457733154, 0.7370009422302246, 1.0400011539459229, 1.643002986907959, 2.5620005130767822, 0.7529964447021484]}, "params": {"input_length_range": [[8, 100], [8, 350]], "n_shot": 8, "n_iter": 20, "model": "sentence-transformers/paraphrase-mpnet-base-v2", "loss": "Triplet"}}