{"results": {"[0,5]": [0.1308411214953271, 0.15668202764976957, 0.09523809523809523, 0.18181818181818182, 0.11320754716981132, 0.0861244019138756, 0.0861244019138756, 0.0861244019138756, 0.22123893805309736, 0.23684210526315788], "[0,10]": [0.6572008113590264, 0.6849894291754757, 0.6624605678233438, 0.6417112299465241, 0.6358695652173914, 0.6867469879518072, 0.6442687747035574, 0.711340206185567, 0.6592920353982301, 0.6808510638297872], "[0,100]": [0.6906187624750499, 0.6211849192100538, 0.6978922716627635, 0.6004228329809725, 0.578268876611418, 0.6570841889117043, 0.7064935064935065, 0.6350877192982456, 0.6456400742115028, 0.7357293868921776], "[6,100]": [0.48739495798319327, 0.6639175257731958, 0.6013745704467354, 0.6529850746268657, 0.5903225806451613, 0.4482758620689655, 0.6755725190839694, 0.711864406779661, 0.7562642369020501, 0.7746835443037975], "[200,350]": [0.5667752442996743, 0.6397188049209139, 0.5868055555555556, 0.7077534791252486, 0.6166666666666667, 0.47282608695652173, 0.7008928571428571, 0.5979020979020979, 0.635036496350365, 0.6539196940726577], "all": [0.7613941018766756, 0.7109207708779444, 0.7257731958762886, 0.6164154103852596, 0.6784922394678492, 0.564935064935065, 0.6279491833030852, 0.6454183266932271, 0.7230769230769231, 0.6804979253112033]}, "run_times": {"[0,5]": [0.20999932289123535, 0.21200108528137207, 0.1639997959136963, 0.26399970054626465, 0.20400261878967285, 0.17100286483764648, 0.23800134658813477, 0.19700145721435547, 0.24399614334106445, 0.2350008487701416], "[0,10]": [0.28799962997436523, 0.32999753952026367, 0.3249990940093994, 0.2830007076263428, 0.2957439422607422, 0.37099766731262207, 0.28099989891052246, 0.3470010757446289, 0.27100062370300293, 0.2839968204498291], "[0,100]": [0.5829997062683105, 0.6049988269805908, 0.6500015258789062, 0.6749963760375977, 0.5069999694824219, 0.5409989356994629, 0.5139987468719482, 0.6100001335144043, 0.5959973335266113, 0.5469965934753418], "[6,100]": [0.6119985580444336, 0.6019978523254395, 0.4139976501464844, 0.6420021057128906, 0.6070005893707275, 0.5939970016479492, 0.6410007476806641, 0.5359988212585449, 0.533998966217041, 0.6050009727478027], "[200,350]": [1.6180012226104736, 1.6279990673065186, 1.5869989395141602, 1.5769996643066406, 1.6319968700408936, 1.5830011367797852, 1.622997760772705, 1.5659983158111572, 1.533001184463501, 1.6459987163543701], "all": [1.0069997310638428, 1.0229997634887695, 0.5749976634979248, 0.7139987945556641, 0.886995792388916, 1.2670001983642578, 0.6859991550445557, 0.5610005855560303, 0.5389988422393799, 0.7619988918304443]}, "params": {"input_length_range": [[0, 5], [0, 10], [0, 100], [6, 100], [200, 350]], "n_shot": 8, "n_iter": 10, "model": "sentence-transformers/paraphrase-mpnet-base-v2", "loss": "Triplet"}}