{"results": {"[7,350]": [0.6038461538461538, 0.6234309623430963, 0.5661538461538461, 0.7130434782608696, 0.6889352818371608, 0.50997150997151, 0.590339892665474, 0.6481876332622601, 0.609375, 0.5189681335356601], "[8,350]": [0.7393364928909952, 0.67578125, 0.6023294509151415, 0.6268115942028986, 0.6471734892787524, 0.6414253897550112, 0.6962025316455697, 0.5096870342771982, 0.7216035634743875, 0.6413301662707839], "[9,350]": [0.5807622504537205, 0.4417767106842737, 0.7181628392484343, 0.6707070707070707, 0.6118421052631579, 0.708803611738149, 0.6926070038910506, 0.7049180327868853, 0.6288848263254113, 0.7112068965517241], "[10,350]": [0.6858407079646017, 0.6072607260726073, 0.7383177570093458, 0.717391304347826, 0.6297229219143576, 0.711340206185567, 0.6286919831223629, 0.5814360770577933, 0.6533066132264529, 0.583596214511041], "all": [0.764102564102564, 0.692144373673036, 0.6937984496124031, 0.6127946127946128, 0.6832579185520362, 0.5506329113924051, 0.6221441124780316, 0.6390532544378699, 0.7164948453608248, 0.6721991701244814]}, "train_times": {"[7,350]": [2.90099835395813, 1.1039988994598389, 1.1799979209899902, 0.6180005073547363, 0.6480007171630859, 0.6529989242553711, 3.9730005264282227, 0.766998291015625, 0.8230011463165283, 1.111999750137329], "[8,350]": [5.554997205734253, 1.1079998016357422, 0.8169991970062256, 0.5699999332427979, 0.5149998664855957, 0.6689989566802979, 0.9545259475708008, 0.887000322341919, 2.3199992179870605, 0.8890008926391602], "[9,350]": [0.7309997081756592, 0.8439993858337402, 1.2109997272491455, 0.790001392364502, 0.8959989547729492, 1.0889997482299805, 1.1580004692077637, 0.8919978141784668, 2.225001335144043, 0.5940005779266357], "[10,350]": [1.3530001640319824, 1.0239999294281006, 1.145998477935791, 0.6589996814727783, 0.779000997543335, 0.9679999351501465, 1.1160006523132324, 0.7779970169067383, 1.3769996166229248, 2.9409992694854736], "all": [1.0199995040893555, 1.2509982585906982, 0.5480000972747803, 0.7270011901855469, 0.9269969463348389, 3.654999256134033, 0.7339992523193359, 0.574000358581543, 0.48000049591064453, 1.9800183773040771]}, "params": {"input_length_range": [[7, 350], [8, 350], [9, 350], [10, 350]], "n_shot": 8, "n_iter": 10, "model": "sentence-transformers/paraphrase-mpnet-base-v2", "loss": "Triplet"}}