{"results": {"[1,2]": [], "[2,3]": [], "[3,4]": [0.0], "[4,5]": [0.13953488372093023], "[5,6]": [0.27586206896551724], "[6,7]": [0.7164179104477612], "[7,8]": [0.6473779385171791], "[8,9]": [0.7642679900744417], "[9,10]": [0.6741573033707865], "[10,11]": [0.6253687315634219], "[11,12]": [0.725925925925926], "[12,13]": [0.7214611872146118], "[13,14]": [0.6535433070866141], "[14,15]": [0.624113475177305], "[15,16]": [0.6684350132625995], "[16,17]": [0.7170868347338936], "[17,18]": [0.7161016949152542], "[18,19]": [0.7128712871287128], "[19,20]": [0.7076167076167076], "[20,21]": [0.6042884990253411], "[21,22]": [0.5924528301886792], "[22,23]": [0.6852589641434262], "[23,24]": [0.7023809523809523], "[24,25]": [0.7354260089686099], "[25,26]": [0.6456400742115028], "[26,27]": [0.5457227138643068], "[27,28]": [0.7161572052401747], "[28,29]": [0.6890756302521008], "[29,30]": [0.7291139240506329], "[30,31]": [0.6759443339960238], "[31,32]": [0.5544554455445545], "[32,33]": [0.5848375451263538], "[33,34]": [0.7272727272727273], "[34,35]": [0.6692456479690522], "[35,36]": [0.6924731182795699], "[36,37]": [0.5784832451499118], "[37,38]": [0.5609397944199707], "[38,39]": [0.6352459016393442], "[39,40]": [0.6680161943319838], "[40,41]": [0.6604215456674473], "[41,42]": [0.6796116504854369], "[42,43]": [0.6638655462184874], "[43,44]": [0.7227722772277227], "[44,45]": [0.6313131313131313], "[45,46]": [0.54], "[46,47]": [0.6829268292682927], "[47,48]": [0.5727848101265823], "[48,49]": [0.7487684729064039], "[49,50]": [0.6974358974358974], "[50,51]": [0.5972696245733788]}, "run_times": {"[1,2]": [], "[2,3]": [], "[3,4]": [0.9629991054534912], "[4,5]": [0.2050018310546875], "[5,6]": [0.21300172805786133], "[6,7]": [0.14399957656860352], "[7,8]": [0.3489968776702881], "[8,9]": [0.2989993095397949], "[9,10]": [0.3339989185333252], "[10,11]": [0.33700013160705566], "[11,12]": [0.34199953079223633], "[12,13]": [0.378002405166626], "[13,14]": [0.37200069427490234], "[14,15]": [0.3169999122619629], "[15,16]": [0.3339970111846924], "[16,17]": [0.3410005569458008], "[17,18]": [0.38199543952941895], "[18,19]": [0.317000150680542], "[19,20]": [0.3230001926422119], "[20,21]": [0.4029977321624756], "[21,22]": [0.3149993419647217], "[22,23]": [0.4329965114593506], "[23,24]": [0.3729991912841797], "[24,25]": [0.4219992160797119], "[25,26]": [0.33499836921691895], "[26,27]": [0.43799614906311035], "[27,28]": [0.397000789642334], "[28,29]": [0.3860008716583252], "[29,30]": [0.33599853515625], "[30,31]": [0.4199979305267334], "[31,32]": [0.4139988422393799], "[32,33]": [0.39499545097351074], "[33,34]": [0.5130002498626709], "[34,35]": [0.38199925422668457], "[35,36]": [0.44299888610839844], "[36,37]": [0.49500036239624023], "[37,38]": [0.4159994125366211], "[38,39]": [0.3729996681213379], "[39,40]": [0.45299601554870605], "[40,41]": [0.3989992141723633], "[41,42]": [0.5280003547668457], "[42,43]": [0.45099925994873047], "[43,44]": [0.43400001525878906], "[44,45]": [0.507997989654541], "[45,46]": [0.4299960136413574], "[46,47]": [0.548999547958374], "[47,48]": [0.4959993362426758], "[48,49]": [0.4369986057281494], "[49,50]": [0.41199612617492676], "[50,51]": [0.5239989757537842]}, "params": {"input_length_range": [[1, 2], [2, 3], [3, 4], [4, 5], [5, 6], [6, 7], [7, 8], [8, 9], [9, 10], [10, 11], [11, 12], [12, 13], [13, 14], [14, 15], [15, 16], [16, 17], [17, 18], [18, 19], [19, 20], [20, 21], [21, 22], [22, 23], [23, 24], [24, 25], [25, 26], [26, 27], [27, 28], [28, 29], [29, 30], [30, 31], [31, 32], [32, 33], [33, 34], [34, 35], [35, 36], [36, 37], [37, 38], [38, 39], [39, 40], [40, 41], [41, 42], [42, 43], [43, 44], [44, 45], [45, 46], [46, 47], [47, 48], [48, 49], [49, 50], [50, 51]], "n_shot": 8, "n_iter": 1, "model": "sentence-transformers/paraphrase-mpnet-base-v2", "loss": "Triplet"}}