{"results": {"[0,5]": [0.18461538461538463, 0.12471131639722864], "[5,25]": [0.5569620253164557, 0.6799516908212561], "[25,50]": [0.5848540145985401, 0.5167464114832536], "[50,100]": [0.5152275170189896, 0.5956192080876158], "[100,200]": [0.6137246439361242, 0.6730095142714071], "[200,350]": [0.6042850896370792, 0.6163522012578616]}, "train_times": {"[0,5]": [5.174998760223389, 4.9639997482299805], "[5,25]": [8.462996006011963, 8.672753810882568], "[25,50]": [8.663999795913696, 8.679884195327759], "[50,100]": [8.954998016357422, 8.9739990234375], "[100,200]": [9.294999837875366, 9.659805536270142], "[200,350]": [10.102359294891357, 10.171000242233276]}, "params": {"input_length_range": [[0, 5], [5, 25], [25, 50], [50, 100], [100, 200], [200, 350]], "n_shot": 8, "n_iter": 2, "model": "sentence-transformers/paraphrase-mpnet-base-v2", "loss": "Triplet"}}