{"results": {"[0,5]": [0.1308411214953271, 0.15668202764976957, 0.09523809523809523, 0.18181818181818182, 0.11320754716981132, 0.0861244019138756, 0.0861244019138756, 0.0861244019138756, 0.22123893805309736, 0.23684210526315788, 0.07692307692307693, 0.19004524886877827, 0.12206572769953052, 0.14814814814814814, 0.24347826086956523, 0.1308411214953271, 0.2510822510822511, 0.10426540284360189, 0.15668202764976957, 0.1651376146788991, 0.22123893805309736, 0.1981981981981982, 0.1651376146788991, 0.22807017543859648, 0.11320754716981132, 0.3179916317991632, 0.30962343096234307, 0.32231404958677684, 0.23684210526315788, 0.15668202764976957], "[5,10]": [0.622895622895623, 0.6077348066298343, 0.7219512195121951, 0.6826086956521739, 0.649402390438247, 0.7077625570776256, 0.6467661691542289, 0.6966731898238747, 0.5767790262172284, 0.6062846580406654, 0.7294117647058823, 0.7547169811320755, 0.736318407960199, 0.6807511737089202, 0.699228791773779, 0.7161125319693095, 0.6853932584269663, 0.7142857142857143, 0.7015945330296127, 0.6075471698113207, 0.7092198581560284, 0.6737400530503979, 0.7112970711297071, 0.6453333333333333, 0.7493112947658402, 0.7333333333333333, 0.702928870292887, 0.6712962962962963, 0.6816326530612244, 0.6769911504424779], "[10,50]": [0.6836158192090396, 0.6500956022944551, 0.7207207207207207, 0.6977886977886978, 0.6631578947368421, 0.5902777777777778, 0.6185567010309279, 0.7431192660550459, 0.7313769751693002, 0.6063829787234043, 0.5468509984639017, 0.6086956521739131, 0.6567164179104478, 0.5882352941176471, 0.5785123966942148, 0.6731141199226306, 0.6255924170616114, 0.6679174484052532, 0.7366071428571429, 0.6200716845878136, 0.6954813359528488, 0.5704809286898839, 0.6337448559670782, 0.6968838526912181, 0.6946902654867256, 0.7180722891566265, 0.6305418719211823, 0.6681818181818182, 0.4475743348982786, 0.6730769230769231], "[50,100]": [0.652542372881356, 0.5814696485623003, 0.4773413897280967, 0.6187290969899666, 0.6720321931589537, 0.5598755832037325, 0.6773547094188377, 0.7368421052631579, 0.7139479905437353, 0.6205607476635514, 0.638623326959847, 0.56, 0.6423982869379015, 0.5197934595524957, 0.5996204933586338, 0.602112676056338, 0.6366906474820144, 0.7164179104477612, 0.6973684210526315, 0.6150442477876106, 0.5841584158415841, 0.6469428007889546, 0.7022222222222222, 0.5879828326180258, 0.7142857142857143, 0.6723044397463002, 0.7577937649880095, 0.6720977596741344, 0.46616541353383456, 0.6358595194085028], "[100,200]": [0.6285714285714286, 0.6578366445916115, 0.6003824091778203, 0.6255506607929515, 0.6156716417910447, 0.6519114688128773, 0.6808510638297872, 0.6416861826697893, 0.6027397260273972, 0.6503067484662577, 0.6988505747126437, 0.7058823529411765, 0.4714946070878274, 0.5862068965517241, 0.5833333333333334, 0.610909090909091, 0.6578449905482041, 0.6481113320079522, 0.5358711566617862, 0.6451612903225806, 0.6298568507157464, 0.5083207261724659, 0.6431372549019608, 0.5916515426497277, 0.6997929606625258, 0.5541795665634675, 0.6956521739130435, 0.6356589147286822, 0.6059544658493871, 0.6938775510204082], "[200,350]": [0.5532591414944356, 0.6161616161616161, 0.5728987993138936, 0.7198364008179959, 0.6161616161616161, 0.47606019151846785, 0.6883720930232559, 0.567741935483871, 0.6129032258064516, 0.6256983240223464, 0.6194029850746269, 0.5150214592274678, 0.6692015209125475, 0.5741626794258373, 0.6628131021194605, 0.5992366412213741, 0.587248322147651, 0.4044943820224719, 0.5014836795252225, 0.5777027027027027, 0.5983193277310924, 0.6758893280632411, 0.6072041166380789, 0.5013774104683195, 0.6757281553398058, 0.4814159292035398, 0.6313465783664459, 0.6067415730337079, 0.5076923076923077, 0.5813586097946287]}, "run_times": {"[0,5]": [0.24900007247924805, 0.3899979591369629, 0.19100117683410645, 0.24199962615966797, 0.36100316047668457, 0.22499966621398926, 0.2700014114379883, 0.3930039405822754, 0.29200005531311035, 0.24199652671813965, 0.29900097846984863, 0.21399998664855957, 0.23599886894226074, 0.3679964542388916, 0.22499966621398926, 0.21400213241577148, 0.615999698638916, 0.22699999809265137, 0.19406723976135254, 0.3899996280670166, 0.21901226043701172, 0.21799993515014648, 0.32900118827819824, 0.23702216148376465, 0.22799992561340332, 0.3099997043609619, 0.2239985466003418, 0.21700000762939453, 0.3019979000091553, 0.2520015239715576], "[5,10]": [0.34599995613098145, 0.30699896812438965, 0.2409987449645996, 0.25499820709228516, 0.36099886894226074, 0.22999906539916992, 0.31600141525268555, 0.3750002384185791, 0.25099730491638184, 0.2149968147277832, 0.23799991607666016, 0.2350008487701416, 0.26000046730041504, 0.21900057792663574, 0.3260002136230469, 0.24599885940551758, 0.23139047622680664, 0.3099994659423828, 0.31600022315979004, 0.341996431350708, 0.33899998664855957, 0.2889983654022217, 0.34400010108947754, 0.30900001525878906, 0.2239995002746582, 0.35000038146972656, 0.239044189453125, 0.24499893188476562, 0.26399898529052734, 0.3150007724761963], "[10,50]": [0.4869990348815918, 0.4869985580444336, 0.44899988174438477, 0.4259982109069824, 0.41699886322021484, 0.3659961223602295, 0.49700045585632324, 0.42799806594848633, 0.47099852561950684, 0.5039968490600586, 0.40399837493896484, 0.3719966411590576, 0.3919963836669922, 0.3899986743927002, 0.3840007781982422, 0.5159955024719238, 0.513995885848999, 0.4920003414154053, 0.33900022506713867, 0.42400074005126953, 0.443997859954834, 0.386995792388916, 0.41899657249450684, 0.4089987277984619, 0.3319990634918213, 0.37399935722351074, 0.6159992218017578, 0.528998851776123, 0.4030003547668457, 0.4119997024536133], "[50,100]": [0.6469995975494385, 0.6650006771087646, 0.5989973545074463, 0.6260011196136475, 0.6779992580413818, 0.6229987144470215, 0.6219992637634277, 0.5520000457763672, 0.6849985122680664, 0.5849990844726562, 0.6489958763122559, 0.6349973678588867, 0.7069993019104004, 0.6490001678466797, 0.6289997100830078, 0.605999231338501, 0.6659979820251465, 0.7299978733062744, 0.6509957313537598, 0.6439993381500244, 0.6909990310668945, 0.6650002002716064, 0.577996015548706, 0.6459965705871582, 0.5939996242523193, 0.6289985179901123, 0.7009973526000977, 0.6789989471435547, 0.5859992504119873, 0.709998369216919], "[100,200]": [1.1340000629425049, 1.0459997653961182, 1.171999216079712, 1.2770004272460938, 1.2110002040863037, 0.9879987239837646, 0.8930020332336426, 1.037001132965088, 1.155996561050415, 0.9390003681182861, 1.1239995956420898, 1.0970003604888916, 1.1160004138946533, 1.2060017585754395, 1.0389995574951172, 1.0739989280700684, 1.3070001602172852, 1.1910004615783691, 1.0909974575042725, 1.1920013427734375, 1.0329992771148682, 1.0229992866516113, 1.193000316619873, 0.9009997844696045, 1.1569983959197998, 1.0899999141693115, 1.0409998893737793, 0.8759989738464355, 1.0729992389678955, 1.065000295639038], "[200,350]": [2.468998432159424, 1.7239971160888672, 1.8120002746582031, 2.1970009803771973, 2.091001272201538, 1.996000051498413, 1.8129990100860596, 1.6590006351470947, 1.6359972953796387, 2.2949986457824707, 1.7469995021820068, 1.7950007915496826, 2.2080001831054688, 2.807997941970825, 2.6540005207061768, 2.692000150680542, 2.156998872756958, 2.0609993934631348, 2.423996686935425, 2.013998508453369, 2.110999584197998, 1.851999282836914, 2.052999258041382, 2.0970001220703125, 2.102997303009033, 1.8650002479553223, 1.79500150680542, 2.030999183654785, 1.6219985485076904, 1.613999843597412]}, "params": {"input_length_range": [[0, 5], [5, 10], [10, 50], [50, 100], [100, 200], [200, 350]], "n_shot": 8, "n_iter": 30, "model": "sentence-transformers/paraphrase-mpnet-base-v2", "loss": "Triplet"}}