{"results": {"Cosine": [0.7403846153846154, 0.7657657657657657, 0.7915690866510539, 0.6509090909090909, 0.6302521008403361, 0.504424778761062, 0.7073170731707317, 0.6078431372549019, 0.7323232323232324, 0.728448275862069], "Triplet": [0.7613941018766756, 0.7109207708779444, 0.7257731958762886, 0.6164154103852596, 0.6784922394678492, 0.564935064935065, 0.6279491833030852, 0.6454183266932271, 0.7230769230769231, 0.6804979253112033]}, "run_times": {"Cosine": [20.04900598526001, 10.78700065612793, 6.201997756958008, 7.017000436782837, 10.052482843399048, 19.714000463485718, 8.65999984741211, 5.511998891830444, 5.091999530792236, 7.972997426986694], "Triplet": [1.3871443271636963, 1.8679676055908203, 0.659998893737793, 0.71700119972229, 0.9589993953704834, 1.453575611114502, 0.7149982452392578, 0.5699994564056396, 0.5379958152770996, 0.8219988346099854]}, "params": {"n_shot": 8, "n_iter": 10, "model": "sentence-transformers/paraphrase-mpnet-base-v2", "loss": {"Cosine": "Cosine", "Triplet": "Triplet"}}}