{"results": {"Cosine": [0.7403846153846154, 0.7657657657657657, 0.7915690866510539, 0.6509090909090909, 0.6302521008403361, 0.504424778761062, 0.7073170731707317, 0.6078431372549019, 0.7323232323232324, 0.728448275862069], "Triplet": [0.7613941018766756, 0.7109207708779444, 0.7257731958762886, 0.6164154103852596, 0.6784922394678492, 0.564935064935065, 0.6279491833030852, 0.6454183266932271, 0.7230769230769231, 0.6804979253112033]}, "run_times": {"Cosine": [9.05499792098999, 14.144074201583862, 5.190070629119873, 6.058996677398682, 8.762000560760498, 19.93500018119812, 7.591999530792236, 5.046001434326172, 4.732996225357056, 7.328999280929565], "Triplet": [1.1161293983459473, 1.1139981746673584, 0.598996639251709, 0.6604399681091309, 0.8887362480163574, 1.2539787292480469, 0.6239981651306152, 0.5589978694915771, 0.4980006217956543, 0.8223767280578613]}, "params": {"n_shot": 8, "n_iter": 10, "model": "sentence-transformers/paraphrase-mpnet-base-v2", "loss": {"Cosine": "Cosine", "Triplet": "Triplet"}}}