{"results": {"Pair-wise": [0.7715736040609137, 0.755056179775281, 0.7915690866510539, 0.6338028169014085, 0.6595289079229122, 0.7020408163265306, 0.6307385229540918, 0.7037037037037037, 0.7046413502109705, 0.6539196940726577, 0.6629422718808193, 0.7073684210526315, 0.715261958997722, 0.7226107226107226, 0.5934426229508196, 0.7733333333333333, 0.6723404255319149, 0.6707070707070707, 0.6811594202898551, 0.7600950118764845, 0.6666666666666666, 0.735, 0.6363636363636364, 0.7828054298642534, 0.6255707762557078, 0.7409200968523002, 0.729957805907173, 0.5527638190954773, 0.6294964028776978, 0.6305970149253731, 0.7288135593220338, 0.6737967914438503, 0.6795698924731183, 0.7443946188340808, 0.7477876106194691, 0.7222222222222222, 0.7602040816326531, 0.7055702917771883, 0.5919540229885057, 0.6728624535315985, 0.6471663619744058, 0.7306889352818372], "Triplet": [0.764102564102564, 0.692144373673036, 0.6937984496124031, 0.6127946127946128, 0.6832579185520362, 0.5506329113924051, 0.6221441124780316, 0.6390532544378699, 0.7164948453608248, 0.6721991701244814, 0.6173752310536045, 0.5836065573770491, 0.6579439252336449, 0.5882352941176471, 0.6844660194174758, 0.6509433962264151, 0.5773524720893142, 0.6607929515418502, 0.6460980036297641, 0.7099391480730223, 0.6412825651302605, 0.6070763500931099, 0.6160714285714286, 0.7010752688172043, 0.6703910614525139, 0.6466165413533834, 0.7351598173515982, 0.614406779661017, 0.6298342541436464, 0.7375, 0.6475409836065574, 0.6474226804123712, 0.6577437858508605, 0.6332737030411449, 0.5612052730696798, 0.5531914893617021, 0.6121673003802282, 0.6491935483870968, 0.6425339366515838, 0.630901287553648, 0.6729323308270677, 0.7107438016528925, 0.5707547169811321, 0.6774847870182555, 0.7139479905437353, 0.6620370370370371, 0.6513994910941476, 0.635036496350365, 0.6044905008635578, 0.6845124282982792]}, "train_times": {"Pair-wise": [26.434999227523804, 42.70199751853943, 5.02499794960022, 6.946661710739136, 24.368881940841675, 8.145000219345093, 5.282995700836182, 4.761999845504761, 7.670999050140381, 12.08899712562561, 6.135997533798218, 6.930999994277954, 16.665517568588257, 10.915995836257935, 27.71500015258789, 7.197996139526367, 8.070997476577759, 8.065998077392578, 5.187999725341797, 86.34701466560364, 10.669000625610352, 7.166998863220215, 6.36099648475647, 28.017998933792114, 7.10899806022644, 5.501999855041504, 12.86632251739502, 5.693999767303467, 5.719999074935913, 52.233177185058594, 30.417999267578125, 26.393128395080566, 55.16499996185303, 5.609996557235718, 11.915000677108765, 44.987998247146606, 11.112996339797974, 11.972998142242432, 5.225999355316162, 72.96308851242065, 13.780996084213257, 6.298999547958374], "Triplet": [1.2590017318725586, 1.3010010719299316, 0.5279977321624756, 0.5969974994659424, 1.0259990692138672, 1.9990012645721436, 0.7809960842132568, 0.5269980430603027, 0.4849996566772461, 0.8719983100891113, 1.6189970970153809, 0.6679997444152832, 0.7559976577758789, 9.669023036956787, 1.2899971008300781, 0.6189994812011719, 3.501999855041504, 3.4310011863708496, 1.7680001258850098, 0.7440004348754883, 0.9029994010925293, 0.686997652053833, 0.5189988613128662, 5.643000841140747, 0.666999340057373, 3.5700011253356934, 0.6970005035400391, 4.494998216629028, 0.46199893951416016, 1.0019984245300293, 0.866999626159668, 0.5939991474151611, 2.726996660232544, 1.5439999103546143, 0.6219949722290039, 0.6339969635009766, 1.2140002250671387, 1.1239993572235107, 0.9340002536773682, 3.4199976921081543, 0.629000186920166, 0.9899997711181641, 0.9419991970062256, 1.13200044631958, 0.6349985599517822, 1.8629977703094482, 0.6909997463226318, 3.088998317718506, 0.78299880027771, 0.6319983005523682]}, "params": {"n_shot": 8, "n_iter": 50, "model": "sentence-transformers/paraphrase-mpnet-base-v2", "loss": ["Pair-wise", "Triplet"]}}