{"results": {"all": [0.5614798694232862, 0.6002290950744559, 0.6494117647058824, 0.47281921618204803, 0.5574468085106383, 0.48854961832061067, 0.5579567779960707, 0.5690890481064483, 0.5835995740149095, 0.5441176470588235]}, "train_times": {"all": [7.4339985847473145, 7.703014373779297, 7.7269980907440186, 7.590998888015747, 6.924994707107544, 6.617504358291626, 7.283995866775513, 7.3170006275177, 6.956998586654663, 6.706998825073242]}, "eval_times": {"all": [9.186830997467041, 9.197670698165894, 9.570759057998657, 8.589406967163086, 8.15118408203125, 8.50425386428833, 8.837504863739014, 8.609612941741943, 8.539005517959595, 8.53858494758606]}, "params": {"n_shot": 8, "n_iter": 10, "loss": "Triplet", "model": "sentence-transformers/paraphrase-mpnet-base-v2"}}