{"results": {"paraphrase-mpnet-base-v2": [0.764102564102564, 0.692144373673036, 0.6937984496124031, 0.6127946127946128, 0.6832579185520362, 0.5506329113924051, 0.6221441124780316, 0.6390532544378699, 0.7164948453608248, 0.6721991701244814], "camembert-base-lleqa": [0.4233055885850178, 0.5495934959349593, 0.5079365079365079, 0.5141955835962145, 0.5248, 0.5363321799307958, 0.4386422976501306, 0.40336134453781514, 0.4608294930875576, 0.5246422893481717], "all-mpnet-base-v2": [0.7291139240506329, 0.6794055201698513, 0.6368515205724508, 0.6715063520871143, 0.6303030303030303, 0.5547226386806596, 0.6978557504873294, 0.6419753086419753, 0.675392670157068, 0.6396588486140725]}, "train_times": {"paraphrase-mpnet-base-v2": [1.0220005512237549, 1.277998685836792, 0.6599957942962646, 0.831995964050293, 1.0829987525939941, 3.0059993267059326, 0.7709970474243164, 0.506000280380249, 0.5239987373352051, 0.7779994010925293], "camembert-base-lleqa": [0.6110002994537354, 1.0290007591247559, 0.6490006446838379, 0.5779979228973389, 0.8289995193481445, 1.6600000858306885, 0.6619994640350342, 0.4699995517730713, 0.5409972667694092, 0.6650002002716064], "all-mpnet-base-v2": [0.8779995441436768, 1.1949996948242188, 0.7049980163574219, 0.7659986019134521, 1.1110010147094727, 1.210998296737671, 0.7659962177276611, 0.6520001888275146, 0.5399994850158691, 0.7769994735717773]}, "params": {"n_shot": 8, "n_iter": 10, "loss": "Triplet", "model": {"paraphrase-mpnet-base-v2": "sentence-transformers/paraphrase-mpnet-base-v2", "camembert-base-lleqa": "maastrichtlawtech/camembert-base-lleqa", "all-mpnet-base-v2": "sentence-transformers/all-mpnet-base-v2"}}}