{"results": {"instructor-large": [0.7210884353741497, 0.6619718309859155, 0.610738255033557, 0.6923076923076923], "GIST-small-Embedding-v0": [0.7397959183673469, 0.6778242677824268, 0.6132879045996593, 0.6390532544378699, 0.6352941176470588], "gte-tiny": [0.7654320987654321, 0.680161943319838, 0.6530612244897959, 0.6755218216318786, 0.6742081447963801], "all-mpnet-base-v2-table": [0.7376237623762376, 0.6762886597938145, 0.6263345195729537, 0.6414414414414414, 0.610909090909091], "paraphrase-mpnet-base-v2": [0.764102564102564, 0.692144373673036, 0.6937984496124031, 0.6127946127946128, 0.6832579185520362], "all-mpnet-base-v2": [0.7291139240506329, 0.6794055201698513, 0.6368515205724508, 0.6715063520871143, 0.6303030303030303]}, "train_times": {"instructor-large": [18.861314296722412, 1.6679973602294922, 1.9740002155303955, 51.50153732299805], "GIST-small-Embedding-v0": [1.0100023746490479, 0.7319998741149902, 0.37599873542785645, 0.42961645126342773, 1.4759995937347412], "gte-tiny": [0.4010000228881836, 0.4780001640319824, 0.2539999485015869, 0.36999964714050293, 0.41899991035461426], "all-mpnet-base-v2-table": [1.1359987258911133, 1.236999273300171, 0.588001012802124, 0.8019993305206299, 1.0729999542236328], "paraphrase-mpnet-base-v2": [1.0009996891021729, 1.3699970245361328, 0.5329997539520264, 0.7209997177124023, 1.0369985103607178], "all-mpnet-base-v2": [1.133000373840332, 1.2609989643096924, 0.7149970531463623, 0.8879990577697754, 1.113999605178833]}, "params": {"n_shot": 8, "n_iter": 5, "loss": "Triplet", "model": {"instructor-large": "hkunlp/instructor-large", "GIST-small-Embedding-v0": "avsolatorio/GIST-small-Embedding-v0", "gte-tiny": "TaylorAI/gte-tiny", "all-mpnet-base-v2-table": "deepset/all-mpnet-base-v2-table", "paraphrase-mpnet-base-v2": "sentence-transformers/paraphrase-mpnet-base-v2", "all-mpnet-base-v2": "sentence-transformers/all-mpnet-base-v2"}}}