{"results": {"paraphrase-mpnet-base-v2": [0.7613941018766756, 0.7109207708779444, 0.7257731958762886, 0.6164154103852596, 0.6784922394678492, 0.564935064935065, 0.6279491833030852, 0.6454183266932271, 0.7230769230769231, 0.6804979253112033], "all-MiniLM-L6-v2": [0.693069306930693, 0.6570247933884298, 0.6881287726358148, 0.6422018348623854, 0.6623376623376623, 0.5775577557755776, 0.6666666666666666, 0.7142857142857143, 0.6507177033492823, 0.6845360824742268], "paraphrase-multilingual-MiniLM-L12-v2": [0.5307443365695793, 0.6428571428571429, 0.5882352941176471, 0.6380368098159509, 0.5419968304278923, 0.5661764705882353, 0.5639097744360902, 0.5783664459161147, 0.6567901234567901, 0.6365591397849463], "paraphrase-multilingual-mpnet-base-v2": [0.6797385620915033, 0.7213114754098361, 0.6867469879518072, 0.6057529610829103, 0.6744186046511628, 0.5861456483126111, 0.7142857142857143, 0.6073752711496746, 0.7146529562982005, 0.6935123042505593], "multilingual-e5-small": [0.6382978723404256, 0.6549707602339181, 0.6395563770794824, 0.5622895622895623, 0.5675146771037182, 0.5589660743134087, 0.42577675489067895, 0.5672371638141809, 0.48756218905472637, 0.6184448462929476], "all-distilroberta-v1": [0.6503340757238307, 0.649402390438247, 0.673728813559322, 0.5934065934065934, 0.5938144329896907, 0.575809199318569, 0.6085192697768763, 0.5251396648044693, 0.5390334572490706, 0.611336032388664], "msmarco-distilbert-dot-v5": [0.5201938610662359, 0.5804988662131519, 0.5714285714285714, 0.44129032258064516, 0.4302059496567506, 0.5157699443413729, 0.4287548138639281, 0.5008695652173913, 0.5019607843137255, 0.5466970387243736], "bge-small-en-v1.5": [0.7268041237113402, 0.6720647773279352, 0.5972696245733788, 0.6482213438735178, 0.6160164271047228, 0.65, 0.6428571428571429, 0.6303030303030303, 0.6713615023474179, 0.663594470046083], "all-roberta-large-v1": [0.7230769230769231, 0.6184738955823293, 0.65, 0.5862785862785863, 0.5962732919254659, 0.6694214876033058, 0.5916515426497277, 0.5016949152542373, 0.67, 0.6136865342163356]}, "run_times": {"paraphrase-mpnet-base-v2": [1.0240001678466797, 1.0180001258850098, 0.5679988861083984, 0.7000000476837158, 0.8359980583190918, 1.3169994354248047, 0.7039990425109863, 0.6449997425079346, 0.4999997615814209, 0.8769986629486084], "all-MiniLM-L6-v2": [0.2889997959136963, 0.3560001850128174, 0.2519989013671875, 0.2930033206939697, 0.31799983978271484, 0.3449995517730713, 0.26199889183044434, 0.26900362968444824, 0.20300006866455078, 0.2839996814727783], "paraphrase-multilingual-MiniLM-L12-v2": [0.33299994468688965, 0.3970026969909668, 0.4140009880065918, 0.33099985122680664, 0.34399843215942383, 0.41168951988220215, 0.403395414352417, 0.3770012855529785, 0.33499932289123535, 0.34000325202941895], "paraphrase-multilingual-mpnet-base-v2": [0.6649987697601318, 0.741997241973877, 0.6740007400512695, 0.622999906539917, 0.6059963703155518, 0.6109974384307861, 0.6169989109039307, 0.6439974308013916, 0.6599977016448975, 0.662999153137207], "multilingual-e5-small": [0.5809998512268066, 0.6009995937347412, 0.4330000877380371, 0.46700024604797363, 0.5830016136169434, 0.7579996585845947, 0.4809997081756592, 0.35700011253356934, 0.3529999256134033, 0.5509989261627197], "all-distilroberta-v1": [0.6589987277984619, 0.6879973411560059, 0.4250011444091797, 0.5160009860992432, 0.5709989070892334, 0.8049986362457275, 0.5299990177154541, 0.4289999008178711, 0.5039966106414795, 0.6189992427825928], "msmarco-distilbert-dot-v5": [0.5579967498779297, 0.6169986724853516, 0.36300039291381836, 0.4760003089904785, 0.4889969825744629, 0.6759967803955078, 0.39099907875061035, 0.36100006103515625, 0.39299964904785156, 0.5629994869232178], "bge-small-en-v1.5": [0.5520031452178955, 0.5730006694793701, 0.31100010871887207, 0.35399937629699707, 0.47899794578552246, 0.6379995346069336, 0.4159998893737793, 0.3599998950958252, 0.3660004138946533, 0.5090005397796631], "all-roberta-large-v1": [2.247000217437744, 2.074000120162964, 1.7300105094909668, 1.7699971199035645, 2.0700011253356934, 2.1899988651275635, 1.9339990615844727, 1.633035659790039, 1.6849985122680664, 2.2270002365112305]}, "params": {"n_shot": 8, "n_iter": 10, "loss": "Triplet", "model": {"paraphrase-mpnet-base-v2": "sentence-transformers/paraphrase-mpnet-base-v2", "all-MiniLM-L6-v2": "sentence-transformers/all-MiniLM-L6-v2", "paraphrase-multilingual-MiniLM-L12-v2": "sentence-transformers/paraphrase-multilingual-MiniLM-L12-v2", "paraphrase-multilingual-mpnet-base-v2": "sentence-transformers/paraphrase-multilingual-mpnet-base-v2", "multilingual-e5-small": "intfloat/multilingual-e5-small", "all-distilroberta-v1": "sentence-transformers/all-distilroberta-v1", "msmarco-distilbert-dot-v5": "sentence-transformers/msmarco-distilbert-dot-v5", "bge-small-en-v1.5": "BAAI/bge-small-en-v1.5", "all-roberta-large-v1": "sentence-transformers/all-roberta-large-v1"}}}