{"results": {"instructor-large": [0.7049582719685813], "GIST-small-Embedding-v0": [0.7043010752688172, 0.6549019607843137], "gte-tiny": [0.6990291262135923, 0.6479289940828402], "all-mpnet-base-v2-table": [0.640218878248974, 0.5995717344753747], "paraphrase-mpnet-base-v2": [0.6036184210526315, 0.6467889908256881], "all-mpnet-base-v2": [0.6744402985074627, 0.6203582350371342]}, "train_times": {"instructor-large": [26.103156089782715], "GIST-small-Embedding-v0": [8.46401834487915, 5.638000011444092], "gte-tiny": [3.457000494003296, 3.293036937713623], "all-mpnet-base-v2-table": [7.736460447311401, 6.757999897003174], "paraphrase-mpnet-base-v2": [9.703999280929565, 8.64799952507019], "all-mpnet-base-v2": [7.396996736526489, 6.804996490478516]}, "params": {"n_shot": 8, "n_iter": 2, "loss": "Triplet", "model": {"instructor-large": "hkunlp/instructor-large", "GIST-small-Embedding-v0": "avsolatorio/GIST-small-Embedding-v0", "gte-tiny": "TaylorAI/gte-tiny", "all-mpnet-base-v2-table": "deepset/all-mpnet-base-v2-table", "paraphrase-mpnet-base-v2": "sentence-transformers/paraphrase-mpnet-base-v2", "all-mpnet-base-v2": "sentence-transformers/all-mpnet-base-v2"}}}