{"results": {"paraphrase-mpnet-base-v2": [0.7715736040609137, 0.755056179775281, 0.7915690866510539, 0.6338028169014085, 0.6595289079229122, 0.7020408163265306, 0.6307385229540918, 0.7037037037037037, 0.7046413502109705], "paraphrase-multilingual-mpnet-base-v2": [0.6428571428571429, 0.7616926503340757, 0.7505422993492408, 0.5806451612903226, 0.702928870292887, 0.5454545454545454, 0.723404255319149, 0.6052104208416834, 0.6979166666666666, 0.6950354609929078], "gte-base": [0.7581047381546134, 0.7161016949152542, 0.6764705882352942, 0.6797642436149313, 0.6330645161290323, 0.7428571428571429, 0.6752136752136753, 0.6714975845410628, 0.6890380313199105]}, "run_times": {"paraphrase-mpnet-base-v2": [33.74687051773071, 43.5224027633667, 5.110999584197998, 6.50999641418457, 18.63700032234192, 8.397815465927124, 5.123999357223511, 4.6690003871917725, 7.703000783920288], "paraphrase-multilingual-mpnet-base-v2": [9.224164724349976, 4.718000888824463, 4.715999603271484, 4.666000127792358, 4.697027683258057, 8.428764581680298, 4.849339008331299, 4.718998908996582, 4.674999952316284, 5.440997123718262], "gte-base": [24.01199722290039, 43.19299817085266, 4.992999792098999, 6.493000507354736, 23.47100019454956, 7.768999338150024, 5.181504964828491, 4.6670002937316895, 7.437998294830322]}, "params": {"n_shot": 8, "n_iter": 10, "loss": "Cosine", "model": {"paraphrase-mpnet-base-v2": "sentence-transformers/paraphrase-mpnet-base-v2", "paraphrase-multilingual-mpnet-base-v2": "sentence-transformers/paraphrase-multilingual-mpnet-base-v2", "gte-base": "thenlper/gte-base"}}}