{"results": {"paraphrase-mpnet-base-v2": [0.764102564102564, 0.692144373673036, 0.6937984496124031, 0.6127946127946128, 0.6832579185520362], "all-MiniLM-L6-v2": [0.6954436450839329, 0.6624737945492662, 0.6732283464566929, 0.6361974405850092, 0.649895178197065], "paraphrase-multilingual-mpnet-base-v2": [0.6812227074235808, 0.6812749003984063, 0.6602316602316602, 0.6202090592334495, 0.6433823529411765], "bge-small-en-v1.5": [0.7185929648241206, 0.6653225806451613, 0.596964586846543, 0.6401590457256461, 0.6218487394957983], "multilingual-e5-large": [0.6586826347305389, 0.5794701986754967, 0.6424474187380497, 0.5174825174825175], "gte-base": [0.7506297229219143, 0.6802443991853361, 0.7213114754098361, 0.6735966735966736, 0.6694386694386695], "bge-large-en-v1.5": [0.6666666666666666, 0.6256983240223464, 0.644, 0.6181818181818182]}, "train_times": {"paraphrase-mpnet-base-v2": [8.257591962814331, 1.2730016708374023, 2.0290000438690186, 0.8379993438720703, 1.0540001392364502], "all-MiniLM-L6-v2": [0.370999813079834, 0.347001314163208, 0.23400092124938965, 0.3380000591278076, 0.2709996700286865], "paraphrase-multilingual-mpnet-base-v2": [0.3989992141723633, 0.691997766494751, 0.3729977607727051, 0.5220000743865967, 0.3639993667602539], "bge-small-en-v1.5": [0.6109988689422607, 0.7020022869110107, 0.31800270080566406, 0.23000311851501465, 0.5430006980895996], "multilingual-e5-large": [5.826013565063477, 1.5840001106262207, 1.9231576919555664, 4.793997764587402], "gte-base": [1.6339998245239258, 5.253999948501587, 0.6100001335144043, 0.7579998970031738, 1.3680002689361572], "bge-large-en-v1.5": [6.46054744720459, 1.3539977073669434, 1.9299979209899902, 5.550000190734863]}, "params": {"n_shot": 8, "n_iter": 5, "loss": "Triplet", "model": {"paraphrase-mpnet-base-v2": "sentence-transformers/paraphrase-mpnet-base-v2", "all-MiniLM-L6-v2": "sentence-transformers/all-MiniLM-L6-v2", "paraphrase-multilingual-mpnet-base-v2": "sentence-transformers/paraphrase-multilingual-mpnet-base-v2", "bge-small-en-v1.5": "BAAI/bge-small-en-v1.5", "multilingual-e5-large": "intfloat/multilingual-e5-large", "gte-base": "thenlper/gte-base", "bge-large-en-v1.5": "BAAI/bge-large-en-v1.5"}}}