{"results": {"paraphrase-mpnet-base-v2": [0.764102564102564, 0.692144373673036, 0.6937984496124031, 0.6127946127946128, 0.6832579185520362, 0.5506329113924051, 0.6221441124780316, 0.6390532544378699, 0.7164948453608248, 0.6721991701244814], "paraphrase-multilingual-mpnet-base-v2": [0.6812227074235808, 0.6812749003984063, 0.6602316602316602, 0.6202090592334495, 0.6433823529411765, 0.5777777777777777, 0.6868250539956804, 0.5756929637526652, 0.671957671957672, 0.6784140969162996], "gte-base": [0.7506297229219143, 0.6802443991853361, 0.7213114754098361, 0.6735966735966736, 0.6694386694386695, 0.6585858585858586, 0.6980728051391863, 0.6724890829694323, 0.6836734693877551, 0.6545454545454545]}, "run_times": {"paraphrase-mpnet-base-v2": [0.8699991703033447, 1.2370004653930664, 0.6329991817474365, 0.6889975070953369, 0.9029972553253174, 2.6589996814727783, 0.7559995651245117, 0.5939991474151611, 0.4720003604888916, 0.8359980583190918], "paraphrase-multilingual-mpnet-base-v2": [0.5829980373382568, 0.528998851776123, 0.6009969711303711, 0.5859971046447754, 0.5730001926422119, 1.1589999198913574, 0.5769991874694824, 0.5819995403289795, 0.5929999351501465, 0.594001293182373], "gte-base": [1.0290005207061768, 1.2400000095367432, 0.5809981822967529, 0.7430002689361572, 0.9109992980957031, 1.4849982261657715, 0.7430002689361572, 0.6170017719268799, 0.4620027542114258, 0.8210000991821289]}, "params": {"n_shot": 8, "n_iter": 10, "loss": "Triplet", "model": {"paraphrase-mpnet-base-v2": "sentence-transformers/paraphrase-mpnet-base-v2", "paraphrase-multilingual-mpnet-base-v2": "sentence-transformers/paraphrase-multilingual-mpnet-base-v2", "gte-base": "thenlper/gte-base"}}}