{"results": {"gte-tiny": [0.7769423558897243, 0.683495145631068, 0.7276507276507277, 0.6394557823129252, 0.6799007444168734, 0.5833333333333334, 0.613013698630137, 0.7333333333333333, 0.7070217917675545, 0.6994106090373281], "paraphrase-mpnet-base-v2": [0.773841961852861, 0.6923076923076923, 0.7629310344827587, 0.5792682926829268, 0.696969696969697, 0.5477707006369427, 0.6602687140115163, 0.7094017094017094, 0.7084468664850136, 0.6653919694072657]}, "run_times": {"gte-tiny": [0.3979935646057129, 0.47899818420410156, 0.2520005702972412, 0.33500194549560547, 0.4529993534088135, 0.5499987602233887, 0.4510002136230469, 0.30699920654296875, 0.2330000400543213, 0.24799776077270508], "paraphrase-mpnet-base-v2": [1.1180002689361572, 1.3749990463256836, 0.6690018177032471, 0.7610001564025879, 1.0769991874694824, 1.7280006408691406, 1.041996717453003, 0.6329991817474365, 0.6259984970092773, 0.697998046875]}, "params": {"n_shot": 10, "n_iter": 10, "loss": "Triplet", "model": {"gte-tiny": "TaylorAI/gte-tiny", "paraphrase-mpnet-base-v2": "sentence-transformers/paraphrase-mpnet-base-v2"}}}