{"results": {"(8,1)": [0.7546174142480211, 0.7710843373493976, 0.7933491686460807, 0.6395759717314488, 0.65625], "(8,2)": [0.7434052757793765, 0.7616926503340757, 0.7577092511013216, 0.6379310344827587, 0.5905797101449275], "(8,4)": [0.7476635514018691, 0.7516778523489933, 0.7554585152838428, 0.5993589743589743, 0.5921787709497207], "(8,8)": [0.75177304964539, 0.767816091954023, 0.7489177489177489, 0.6118421052631579, 0.6076923076923076]}, "train_times": {"(8,1)": [4.961999893188477, 7.028997421264648, 2.7739999294281006, 3.7180166244506836, 5.187000513076782], "(8,2)": [5.659999370574951, 7.3576929569244385, 3.3759982585906982, 4.332998037338257, 5.601770401000977], "(8,4)": [6.768560171127319, 8.416998863220215, 4.189987659454346, 5.108999252319336, 6.642998218536377], "(8,8)": [8.399998664855957, 10.079622030258179, 5.78399920463562, 6.896996259689331, 8.137996673583984]}, "params": {"n_shot": 8, "n_iter": 5, "loss": "Triplet", "model": "paraphrase-mpnet-base-v2", "num_epochs": ["(8,1)", "(8,2)", "(8,4)", "(8,8)"]}}