{"results": {"(8,1)": [0.7546174142480211, 0.7710843373493976, 0.7933491686460807, 0.6395759717314488, 0.65625], "(8,2)": [0.7434052757793765, 0.7616926503340757, 0.7577092511013216, 0.6379310344827587, 0.5905797101449275], "(8,4)": [0.7476635514018691, 0.7516778523489933, 0.7554585152838428, 0.5993589743589743, 0.5921787709497207], "(8,8)": [0.75177304964539, 0.767816091954023, 0.7489177489177489, 0.6118421052631579, 0.6076923076923076], "(8,10)": [0.7440758293838863, 0.7608200455580866, 0.7527352297592997, 0.589540412044374, 0.6129666011787819], "(8,20)": [0.75, 0.7657657657657657, 0.7583148558758315, 0.6022544283413849, 0.6242544731610338], "(8,30)": [0.7494145199063232, 0.7699316628701595, 0.7473002159827213, 0.6042003231017771, 0.6245059288537549], "(8,40)": [0.7494033412887828, 0.7539503386004515, 0.7571115973741794, 0.6019417475728155, 0.6194331983805668]}, "train_times": {"(8,1)": [5.104928731918335, 6.989522457122803, 2.536101818084717, 3.7419986724853516, 5.0388023853302], "(8,2)": [5.817998170852661, 7.462998867034912, 3.3439981937408447, 4.29199743270874, 5.773838520050049], "(8,4)": [6.5299999713897705, 8.613997459411621, 4.298997163772583, 5.216998100280762, 6.501001834869385], "(8,8)": [8.325998783111572, 9.5343337059021, 5.935003042221069, 6.911996364593506, 8.060998439788818], "(8,10)": [9.177996158599854, 10.80699896812439, 6.687999963760376, 8.087417364120483, 8.87149453163147], "(8,20)": [13.495527505874634, 14.802979469299316, 11.00999927520752, 12.055804252624512, 12.835321426391602], "(8,30)": [17.642053842544556, 18.83533000946045, 15.194487810134888, 15.902998685836792, 17.788000345230103], "(8,40)": [21.50247621536255, 23.226039171218872, 19.180997848510742, 19.84202289581299, 21.250853300094604]}, "params": {"n_shot": 8, "n_iter": 5, "loss": "Triplet", "model": "paraphrase-mpnet-base-v2", "num_epochs": ["(8,1)", "(8,2)", "(8,4)", "(8,8)","(8,10)", "(8,20)", "(8,30)", "(8,40)"]}}