{"results": {"none": [0.6456285566476979, 0.784841075794621, 0.7279450607501321, 0.7143608627038401, 0.6907155529272619, 0.5904486251808972, 0.5291595197255574, 0.6804222648752399, 0.77375, 0.5237209302325582], "swapping_inter": [0.6488469601677149, 0.7628865979381443, 0.7123147675012774, 0.6980071538068472, 0.6252100840336134, 0.6194690265486725, 0.5305491105955144, 0.6501798561151079, 0.7161945483698557, 0.5984766050054406], "back_translation": [0.6460219151977132, 0.7777132907719094, 0.7380073800738007, 0.6984950700570836, 0.6575492341356673, 0.5135666535587888, 0.5372141372141372, 0.6301838392475417, 0.7647058823529411, 0.5236325013276686], "synonym_replacement": [0.6688, 0.7815679233991621, 0.7494623655913979, 0.6936061381074169, 0.7110596409959468, 0.5898491083676269, 0.5033583563808771, 0.7302733367715317, 0.7737948084054388, 0.5107604017216643], "crossover": [0.672782874617737, 0.7730542838456508, 0.7171981181390487, 0.6710261569416499, 0.6829850746268656, 0.512396694214876, 0.5109034267912772, 0.7064039408866996, 0.768324607329843, 0.5596133190118152]}, "train_times": {"none": [6.731221675872803, 3.089998483657837, 6.72900128364563, 3.2999989986419678, 7.544000148773193, 8.825000524520874, 3.0949997901916504, 4.286999940872192, 3.3929989337921143, 3.0799994468688965], "swapping_inter": [6.3480002880096436, 2.9949958324432373, 6.422996282577515, 3.4509990215301514, 7.623000860214233, 13.52700138092041, 3.565995931625366, 4.484000205993652, 3.6719963550567627, 3.1479969024658203], "back_translation": [6.042001247406006, 2.9539968967437744, 6.158998012542725, 3.447997808456421, 7.687000751495361, 13.581999778747559, 3.343996286392212, 4.3909995555877686, 3.2789998054504395, 3.144998788833618], "synonym_replacement": [6.543002128601074, 3.2899959087371826, 7.197999715805054, 3.2820005416870117, 7.57699990272522, 13.450000524520874, 3.4789958000183105, 4.588001012802124, 3.736999273300171, 3.6499998569488525], "crossover": [6.456998586654663, 3.061999797821045, 6.5209996700286865, 3.645996570587158, 7.876999616622925, 13.431997299194336, 3.316999673843384, 4.64300012588501, 3.3389995098114014, 3.31000018119812]}, "params": {"n_shot": 8, "n_iter": 10, "loss": "Triplet", "model": "paraphrase-mpnet-base-v2", "num_epochs": "(8,1)", "data_augmentation_ratio": 1.5, "data_augmentation_strategy": ["none", "swapping_inter", "back_translation", "synonym_replacement", "crossover"], "strategy_params": {"n_points_crossover": 1, "modification_rate": 0.1}}}