{"results": {"none": [0.594547053649956, 0.6912718204488778], "swapping_inter": [0.5873481357352325, 0.6750605326876513], "back_translation": [0.5718875502008032, 0.6766698935140368], "synonym_replacement": [0.6008658008658009, 0.6707431796801505], "crossover": [0.5928169623539593, 0.6916342412451362]}, "run_times": {"none": [9.43299913406372, 8.774999380111694], "swapping_inter": [11.439000368118286, 10.766996383666992], "back_translation": [11.361998796463013, 10.669999599456787], "synonym_replacement": [11.296996831893921, 10.76676321029663], "crossover": [11.35589337348938, 10.67699909210205]}, "params": {"n_shot": 8, "n_iter": 2, "loss": "Triplet", "model": "sentence-transformers/paraphrase-mpnet-base-v2", "data_augmentation_ratio": 1.3, "data_augmentation_strategy": ["none", "swapping_inter", "back_translation", "synonym_replacement", "crossover"], "strategy_params": {"n_points_crossover": 2, "modification_rate": 0.5}}}