{"results": {"1": [0.6703096539162113, 0.7333333333333333, 0.5408618127786032, 0.7780429594272077, 0.7355163727959698, 0.6967741935483871, 0.7309417040358744, 0.7216494845360825, 0.7486631016042781, 0.6226415094339622], "1.1": [0.6368330464716007, 0.7563805104408353, 0.5329249617151608, 0.7885985748218527, 0.7412935323383084, 0.6503067484662577, 0.7048458149779736, 0.7169811320754716, 0.703125, 0.583804143126177], "1.5": [0.6691176470588235, 0.7439824945295405, 0.562111801242236, 0.782608695652174, 0.739240506329114, 0.7080745341614907, 0.7100840336134454, 0.7254098360655737, 0.7272727272727273, 0.5803921568627451], "2": [0.7154471544715447, 0.771689497716895, 0.5263157894736842, 0.7799043062200957, 0.751269035532995, 0.7345971563981043, 0.7325301204819277, 0.6907020872865275, 0.7593582887700535, 0.5795053003533569], "5": [0.7125984251968503, 0.6786786786786787, 0.48230668414154654, 0.7899543378995434, 0.6685552407932012, 0.7277936962750716, 0.7325301204819277, 0.6146010186757216, 0.7493261455525606, 0.5445859872611465], "10": [0.7539503386004515, 0.6746987951807228, 0.5333333333333333, 0.7710280373831776, 0.7227722772277227, 0.7298050139275766, 0.7325301204819277, 0.6281833616298812, 0.7688311688311689, 0.5356622998544396]}, "run_times": {"1": [3.313997268676758, 21.687614917755127, 5.270998239517212, 3.975998640060425, 4.692996501922607, 3.5719993114471436, 3.6449973583221436, 11.858980417251587, 8.672000646591187, 3.6529994010925293], "1.1": [3.4019968509674072, 28.5300133228302, 4.095000505447388, 3.897998094558716, 8.280999660491943, 3.673996925354004, 3.989997625350952, 21.07799983024597, 5.6549999713897705, 3.419999837875366], "1.5": [3.179999828338623, 29.092999935150146, 4.087996006011963, 3.6660001277923584, 4.959000587463379, 3.7499988079071045, 4.254997253417969, 21.912997484207153, 6.619999408721924, 3.683000326156616], "2": [6.210000038146973, 73.15273809432983, 8.041998386383057, 7.389998197555542, 9.021999597549438, 7.082998752593994, 3.9609978199005127, 39.443068981170654, 11.711069822311401, 6.662998676300049], "5": [17.585998058319092, 41.373000621795654, 23.48300004005432, 21.339995861053467, 26.2059965133667, 9.968998193740845, 3.895000457763672, 114.8560004234314, 32.33899664878845, 18.74500036239624], "10": [25.959999084472656, 39.71800112724304, 46.16600012779236, 42.28099584579468, 42.901999711990356, 10.456998109817505, 3.933999538421631, 336.24886536598206, 57.5609986782074, 35.80499982833862]}, "params": {"n_shot": 10, "n_iter": 10, "loss": "Triplet", "model": "paraphrase-mpnet-base-v2", "num_epochs": [8, 1], "input_length_range": [1, 9], "data_augmentation_ratio": [1, 1.1, 1.5, 2, 5, 10], "data_augmentation_strategy": "synonym"}}