{"results": {"1": [0.6703096539162113, 0.7333333333333333, 0.5408618127786032, 0.7780429594272077, 0.7355163727959698, 0.6967741935483871, 0.7309417040358744, 0.7216494845360825, 0.7486631016042781, 0.6226415094339622, 0.6112956810631229, 0.7795823665893271, 0.6320754716981132, 0.6728971962616822, 0.7320954907161804, 0.7613941018766756, 0.5228215767634855, 0.7494356659142212, 0.7435897435897436, 0.7750677506775068], "1.2": [0.6594982078853047, 0.7183098591549296, 0.5905383360522023, 0.784037558685446, 0.7519181585677749, 0.65748031496063, 0.72, 0.7334754797441365, 0.7238605898123325, 0.6056074766355141, 0.6019736842105263, 0.7941888619854721, 0.662004662004662, 0.6590038314176245, 0.7390180878552972, 0.762402088772846, 0.5410071942446043, 0.7464788732394366, 0.75, 0.77088948787062], "1.5": [0.6853932584269663, 0.688034188034188, 0.5041095890410959, 0.7583148558758315, 0.7335092348284961, 0.6826347305389222, 0.7301587301587301, 0.7429805615550756, 0.6252873563218391, 0.5935251798561151, 0.6475849731663685, 0.7154811715481172, 0.5720430107526882, 0.657243816254417, 0.7235023041474654, 0.7586206896551724, 0.5701219512195121, 0.7539503386004515, 0.715, 0.7576601671309192]}, "run_times": {"1": [3.4285712242126465, 82.33298754692078, 4.79358434677124, 4.073730707168579, 4.976001262664795, 3.7470011711120605, 3.8441720008850098, 11.789000034332275, 5.006000280380249, 3.662217617034912, 3.434000015258789, 2.77236008644104, 4.931997299194336, 4.214998960494995, 5.856058359146118, 4.073504447937012, 3.940999984741211, 4.240001201629639, 13.484910488128662, 10.994996547698975], "1.2": [3.469999074935913, 12.256265878677368, 4.4420249462127686, 4.237000465393066, 5.31219744682312, 3.9370007514953613, 4.487999677658081, 8.55014181137085, 3.5370006561279297, 3.521000385284424, 3.330000638961792, 2.705543041229248, 5.239998817443848, 4.067652225494385, 8.029852390289307, 7.616997718811035, 3.9199624061584473, 6.964366674423218, 9.915000438690186, 6.573013544082642], "1.5": [3.753000497817993, 11.975000619888306, 4.550999641418457, 4.657220125198364, 24.02524995803833, 4.114717721939087, 6.677496433258057, 10.233447551727295, 5.458674669265747, 3.9380009174346924, 3.7656030654907227, 2.991976022720337, 5.114481449127197, 5.6650002002716064, 3.4903993606567383, 5.406996011734009, 17.931246519088745, 11.228007555007935, 5.025312662124634, 11.03067135810852]}, "params": {"n_shot": 10, "n_iter": 20, "loss": "Triplet", "model": "paraphrase-mpnet-base-v2", "num_epochs": [8, 1], "data_augmentation_ratio": [1, 1.2, 1.5], "data_augmentation_strategy": "swapping_inter"}}