{"results": {"1": [0.6703096539162113, 0.7333333333333333, 0.5408618127786032, 0.7780429594272077, 0.7355163727959698, 0.6967741935483871, 0.7309417040358744, 0.7216494845360825, 0.7486631016042781, 0.6226415094339622, 0.6112956810631229, 0.7795823665893271, 0.6320754716981132, 0.6728971962616822, 0.7320954907161804, 0.7613941018766756, 0.5228215767634855, 0.7494356659142212, 0.7435897435897436, 0.7750677506775068, 0.7681159420289855, 0.7824175824175824, 0.7045454545454546, 0.7303921568627451, 0.6590038314176245, 0.6230636833046471, 0.7058823529411765, 0.6765799256505576, 0.7287784679089027, 0.7864077669902912, 0.6151079136690647, 0.7122641509433962, 0.7515657620041754, 0.7415254237288136, 0.7581047381546134, 0.6901960784313725, 0.7786666666666666, 0.7740384615384616, 0.6473429951690821, 0.730593607305936, 0.7391304347826086, 0.7788944723618091, 0.7246376811594203, 0.6067019400352733, 0.7733333333333333, 0.711864406779661, 0.7595505617977528, 0.751131221719457, 0.7412008281573499, 0.5674846625766872], "1.1": [0.643598615916955, 0.7331786542923434, 0.5506807866868382, 0.7830188679245284, 0.7493670886075949, 0.654320987654321, 0.7201834862385321, 0.7080745341614907, 0.703125, 0.6104868913857678, 0.7731481481481481, 0.6604215456674473, 0.6794625719769674, 0.7390180878552972, 0.7598944591029023, 0.5358166189111748, 0.7477064220183486, 0.7422680412371134, 0.776595744680851, 0.7604166666666666, 0.7943262411347518, 0.7255813953488373, 0.7536945812807881, 0.6544117647058824, 0.6411149825783972, 0.7001934235976789, 0.7034764826175869, 0.59375, 0.71, 0.7392197125256673, 0.728421052631579, 0.755, 0.7249466950959488, 0.7862796833773087, 0.7505720823798627, 0.6584766584766585, 0.7351598173515982, 0.7494033412887828, 0.7719298245614035, 0.7125506072874493, 0.6666666666666666, 0.7845804988662132, 0.7557603686635944, 0.7027027027027027, 0.5935483870967742]}, "run_times": {"1": [3.463999032974243, 18.224531173706055, 4.594996690750122, 4.031998634338379, 4.985000848770142, 3.833543062210083, 3.9359970092773438, 20.885018348693848, 4.897000312805176, 3.6079986095428467, 3.144998073577881, 2.7400009632110596, 5.261000394821167, 4.41899847984314, 6.293997287750244, 4.283996820449829, 4.081999063491821, 4.244000196456909, 18.430518865585327, 24.229996919631958, 4.387999534606934, 12.351998805999756, 2.646998882293701, 3.542001247406006, 2.927999258041382, 10.375000476837158, 3.340996026992798, 6.367000102996826, 3.808997631072998, 15.836999416351318, 3.1429991722106934, 6.675997257232666, 15.793000221252441, 4.843997478485107, 11.220000743865967, 4.168000221252441, 3.535998821258545, 4.648998737335205, 4.229000568389893, 12.172000408172607, 14.477000713348389, 3.482997179031372, 4.868999242782593, 3.7479965686798096, 4.804999113082886, 3.9929986000061035, 4.380999565124512, 4.138999938964844, 3.976996660232544, 14.256999731063843], "1.1": [3.4179999828338623, 15.889000415802002, 4.4035327434539795, 4.982996940612793, 5.937000274658203, 3.9465081691741943, 4.382999897003174, 14.012997150421143, 4.476998805999756, 4.0159993171691895, 2.9809999465942383, 5.775510549545288, 4.332000255584717, 10.016006708145142, 5.60599946975708, 4.071999549865723, 4.3219990730285645, 13.978001356124878, 6.557999610900879, 4.160999059677124, 6.411996603012085, 2.650001049041748, 4.1549999713897705, 3.884000539779663, 9.325999975204468, 6.346999645233154, 3.5389976501464844, 3.155996322631836, 7.626997470855713, 17.54200053215027, 5.242997407913208, 13.30792498588562, 4.6060004234313965, 3.583997964859009, 4.805999279022217, 4.066999912261963, 10.192999362945557, 22.44200038909912, 4.219000816345215, 4.963001251220703, 3.7879977226257324, 5.941999197006226, 4.632999897003174, 4.012998819351196, 12.019001007080078]}, "params": {"n_shot": 10, "n_iter": 50, "loss": "Triplet", "model": "paraphrase-mpnet-base-v2", "num_epochs": "(8,1)", "data_augmentation_ratio": [1, 1.1], "data_augmentation_strategy": "crossover", "strategy_params": {"n_points_crossover": 2}}}