{"results": {"1": [0.6703096539162113, 0.7333333333333333, 0.5408618127786032, 0.7780429594272077, 0.7355163727959698, 0.6967741935483871, 0.7309417040358744, 0.7216494845360825, 0.7486631016042781, 0.6226415094339622, 0.6112956810631229, 0.7795823665893271, 0.6320754716981132, 0.6728971962616822, 0.7320954907161804, 0.7613941018766756, 0.5228215767634855, 0.7494356659142212, 0.7435897435897436, 0.7750677506775068], "1.4": [0.6536412078152753, 0.7215189873417721, 0.56875, 0.7942583732057417, 0.72, 0.7268722466960352, 0.7230443974630021, 0.7249466950959488, 0.7028423772609819, 0.6015325670498084, 0.6174957118353345, 0.7570093457943925, 0.6298850574712643, 0.6872586872586872, 0.7539267015706806, 0.7717391304347826, 0.49736842105263157, 0.7444933920704846, 0.7268041237113402, 0.786096256684492], "1.5": [0.6691176470588235, 0.7439824945295405, 0.562111801242236, 0.782608695652174, 0.739240506329114, 0.7080745341614907, 0.7100840336134454, 0.7254098360655737, 0.7272727272727273, 0.5803921568627451, 0.5960912052117264, 0.789598108747045, 0.7375886524822695, 0.6844106463878327, 0.7202072538860104, 0.7601078167115903, 0.5081521739130435, 0.7181628392484343, 0.7235142118863049, 0.7893333333333333], "1.6": [0.7207920792079208, 0.7593818984547461, 0.5625, 0.7874396135265701, 0.745, 0.7101123595505618, 0.7363636363636363, 0.7527352297592997, 0.7348066298342542, 0.5640074211502782, 0.5753846153846154, 0.7855421686746988, 0.731457800511509, 0.6569872958257713, 0.7206703910614525, 0.7728459530026109, 0.512396694214876, 0.7440860215053764, 0.706199460916442, 0.7789473684210526]}, "run_times": {"1": [4.7340004444122314, 21.40220832824707, 4.740997314453125, 4.15999698638916, 4.936999082565308, 4.1289989948272705, 3.678997755050659, 16.565997838974, 4.627997398376465, 3.463998794555664, 3.1499974727630615, 2.5819993019104004, 5.07699990272522, 4.3040008544921875, 6.0109992027282715, 4.052996635437012, 3.838998794555664, 4.172999143600464, 15.199262380599976, 14.02799940109253], "1.4": [2.71699857711792, 21.177015781402588, 4.450999975204468, 4.338000535964966, 7.318999528884888, 3.666999340057373, 4.304996967315674, 20.257999181747437, 3.3870017528533936, 3.264997959136963, 3.1039977073669434, 2.8570001125335693, 4.164000034332275, 4.267001628875732, 7.919996738433838, 5.187000513076782, 3.7330005168914795, 3.5840001106262207, 8.74899959564209, 6.256000280380249], "1.5": [3.1840007305145264, 15.184999704360962, 4.376000165939331, 4.044000148773193, 5.275000333786011, 3.766000509262085, 4.182001113891602, 18.376999378204346, 4.315000534057617, 3.479999542236328, 3.4409987926483154, 3.0719993114471436, 4.79900050163269, 4.465001344680786, 6.375000476837158, 5.626997232437134, 3.77799916267395, 3.88200044631958, 4.398999452590942, 12.08400011062622], "1.6": [6.357997417449951, 27.70400071144104, 8.482000350952148, 7.949999809265137, 9.971999883651733, 6.343999624252319, 4.301997661590576, 29.363996744155884, 8.344999313354492, 6.477994918823242, 6.553997278213501, 5.428998947143555, 9.070998191833496, 8.243000507354736, 15.238999605178833, 10.634999990463257, 7.223998546600342, 7.454997301101685, 15.317998886108398, 11.777999639511108]}, "params": {"n_shot": 10, "n_iter": 20, "loss": "Triplet", "model": "paraphrase-mpnet-base-v2", "num_epochs": [8, 1], "data_augmentation_ratio": [1, 1.4, 1.5, 1.6], "data_augmentation_strategy": "synonym"}}