{"results": {"none": [0.6456285566476979, 0.784841075794621, 0.7279450607501321, 0.7143608627038401, 0.6907155529272619, 0.5904486251808972, 0.5291595197255574, 0.6804222648752399, 0.77375, 0.5237209302325582], "swapping_inter": [0.6488469601677149, 0.7628865979381443, 0.7123147675012774, 0.6980071538068472, 0.6252100840336134, 0.6194690265486725, 0.5305491105955144, 0.6501798561151079, 0.7161945483698557, 0.5984766050054406], "back_translation": [0.6460219151977132, 0.7777132907719094, 0.7380073800738007, 0.6984950700570836, 0.6575492341356673, 0.5135666535587888, 0.5372141372141372, 0.6301838392475417, 0.7647058823529411, 0.5236325013276686], "synonym_replacement": [0.6832814122533749, 0.7920910724985021, 0.7535753575357536, 0.6709171162334477, 0.7014164305949009, 0.6071942446043166, 0.49598777225831103, 0.6908743430482561, 0.7663551401869159, 0.5154061624649859], "crossover": [0.672782874617737, 0.7730542838456508, 0.7171981181390487, 0.6710261569416499, 0.6829850746268656, 0.512396694214876, 0.5109034267912772, 0.7064039408866996, 0.768324607329843, 0.5596133190118152]}, "run_times": {"none": [6.874651670455933, 3.0209996700286865, 6.457034587860107, 3.277996778488159, 11.053997278213501, 13.957971096038818, 3.003999710083008, 4.168996572494507, 3.4919967651367188, 3.0029993057250977], "swapping_inter": [6.4509992599487305, 2.9969968795776367, 6.331016778945923, 3.3590002059936523, 9.101000547409058, 14.943996906280518, 3.397998332977295, 4.207000494003296, 3.5389978885650635, 3.170999526977539], "back_translation": [6.526015520095825, 3.0939996242523193, 6.276000738143921, 3.1619997024536133, 8.787000894546509, 16.115996837615967, 2.8659989833831787, 4.303000211715698, 3.5600011348724365, 3.469999074935913], "synonym_replacement": [8.541998386383057, 3.384000062942505, 11.172017574310303, 3.493000030517578, 9.116000890731812, 14.616999864578247, 3.613996744155884, 4.254999876022339, 4.277999401092529, 3.5779995918273926], "crossover": [6.328000545501709, 2.9379990100860596, 6.519999265670776, 3.770000457763672, 9.466001987457275, 14.606001138687134, 2.9939990043640137, 4.37999963760376, 3.568997859954834, 3.124999761581421]}, "params": {"n_shot": 8, "n_iter": 10, "loss": "Triplet", "model": "paraphrase-mpnet-base-v2", "num_epochs": "(8,1)", "data_augmentation_ratio": 1.5, "data_augmentation_strategy": ["none", "swapping_inter", "back_translation", "synonym_replacement", "crossover"], "strategy_params": {"n_points_crossover": 1, "modification_rate": 0.5}}}