{"results": {"1": [0.6703096539162113, 0.7333333333333333, 0.5408618127786032, 0.7780429594272077, 0.7355163727959698, 0.6967741935483871, 0.7309417040358744, 0.7216494845360825, 0.7486631016042781, 0.6226415094339622], "1.1": [0.6368330464716007, 0.7563805104408353, 0.5329249617151608, 0.7885985748218527, 0.7412935323383084, 0.6503067484662577, 0.7048458149779736, 0.7169811320754716, 0.703125, 0.583804143126177]}, "run_times": {"1": [3.5589985847473145, 79.30302786827087, 8.85459041595459, 4.680999279022217, 5.43000054359436, 3.960995674133301, 4.005001068115234, 96.41633582115173, 5.85977840423584, 3.7138094902038574], "1.1": [3.5530004501342773, 69.72500085830688, 4.61652398109436, 4.7139976024627686, 10.787556886672974, 3.81000018119812, 4.353001594543457, 29.947131872177124, 3.485999822616577, 3.4090003967285156]}, "params": {"n_shot": 10, "n_iter": 10, "loss": "Triplet", "model": "paraphrase-mpnet-base-v2", "num_epochs": [8, 1], "data_augmentation_ratio": [1, 1.1], "data_augmentation_strategy": "synonym_replacement", "strategy_params": {"modification_rate": 0.8}}}