{"results": {"1": [0.6703096539162113, 0.7333333333333333, 0.5408618127786032, 0.7780429594272077, 0.7355163727959698, 0.6967741935483871, 0.7309417040358744, 0.7216494845360825, 0.7486631016042781, 0.6226415094339622], "1.1": [0.6368330464716007, 0.7563805104408353, 0.5329249617151608, 0.7885985748218527, 0.7412935323383084, 0.6503067484662577, 0.7048458149779736, 0.7169811320754716, 0.703125, 0.583804143126177]}, "run_times": {"1": [3.5699989795684814, 16.551000595092773, 4.6520304679870605, 4.135000705718994, 4.896000385284424, 3.8099963665008545, 3.813000440597534, 46.00887322425842, 5.292999029159546, 3.6185214519500732], "1.1": [3.468998670578003, 16.86799955368042, 4.354000568389893, 4.1189985275268555, 6.436999797821045, 3.8399972915649414, 4.166000127792358, 27.482019662857056, 3.6430017948150635, 3.444000005722046]}, "params": {"n_shot": 10, "n_iter": 10, "loss": "Triplet", "model": "paraphrase-mpnet-base-v2", "num_epochs": [8, 1], "data_augmentation_ratio": [1, 1.1], "data_augmentation_strategy": "synonym_replacement", "strategy_params": {"modification_rate": 0.1}}}