{"results": {"1": [0.6703096539162113, 0.7333333333333333, 0.5408618127786032, 0.7780429594272077, 0.7355163727959698], "1.3": [0.6022544283413849, 0.7237687366167024, 0.5782747603833865, 0.7934272300469484, 0.7198067632850241]}, "run_times": {"1": [3.547997236251831, 56.02921533584595, 4.415000915527344, 3.815000534057617, 5.357999801635742], "1.3": [2.5480010509490967, 22.73458766937256, 4.228999853134155, 3.850001096725464, 4.845483064651489]}, "params": {"n_shot": 10, "n_iter": 5, "loss": "Triplet", "model": "paraphrase-mpnet-base-v2", "num_epochs": [8, 1], "data_augmentation_ratio": [1, 1.3], "data_augmentation_strategy": "translation", "strategy_params": {"modification_rate": 0.1}}}