{"results": {"1": [0.6703096539162113, 0.7333333333333333, 0.5408618127786032, 0.7780429594272077, 0.7355163727959698, 0.6967741935483871, 0.7309417040358744, 0.7216494845360825, 0.7486631016042781, 0.6226415094339622, 0.6112956810631229, 0.7795823665893271, 0.6320754716981132, 0.6728971962616822, 0.7320954907161804, 0.7613941018766756, 0.5228215767634855, 0.7494356659142212, 0.7435897435897436, 0.7750677506775068, 0.7681159420289855, 0.7824175824175824, 0.7045454545454546, 0.7303921568627451, 0.6590038314176245, 0.6230636833046471, 0.7058823529411765, 0.6765799256505576, 0.7287784679089027, 0.7864077669902912, 0.6151079136690647, 0.7122641509433962, 0.7515657620041754, 0.7415254237288136, 0.7581047381546134, 0.6901960784313725, 0.7786666666666666, 0.7740384615384616, 0.6473429951690821, 0.730593607305936, 0.7391304347826086, 0.7788944723618091, 0.7246376811594203, 0.6067019400352733, 0.7733333333333333, 0.711864406779661, 0.7595505617977528, 0.751131221719457, 0.7412008281573499, 0.5674846625766872], "1.1": [0.6413793103448275, 0.7331786542923434, 0.5608628659476117, 0.7867298578199052, 0.7416879795396419, 0.654320987654321, 0.7201834862385321, 0.7288135593220338, 0.703125, 0.6127819548872181, 0.7817745803357314, 0.6604215456674473, 0.6793168880455408, 0.7422680412371134, 0.7598944591029023, 0.5358166189111748, 0.7477064220183486, 0.7422680412371134, 0.776595744680851, 0.7741935483870968, 0.7943262411347518, 0.7238979118329466, 0.7450980392156863, 0.6544117647058824, 0.6411149825783972, 0.68359375, 0.6996197718631179, 0.7034764826175869, 0.7961630695443646, 0.604982206405694, 0.7053140096618358, 0.7392197125256673, 0.7323340471092077, 0.755, 0.7249466950959488, 0.7883597883597884, 0.7571428571428571, 0.6584766584766585, 0.7448275862068966, 0.7494033412887828, 0.7719298245614035, 0.7125506072874493, 0.6666666666666666, 0.7845804988662132, 0.7557603686635944, 0.5935483870967742]}, "run_times": {"1": [3.3129971027374268, 13.740999221801758, 4.373000621795654, 3.9349992275238037, 4.5819993019104, 3.6049985885620117, 3.6969993114471436, 17.268000841140747, 4.565999269485474, 3.4639971256256104, 3.1530003547668457, 2.6369986534118652, 4.878000736236572, 4.327999114990234, 6.092999458312988, 4.1260011196136475, 3.9499990940093994, 4.1259987354278564, 16.826000452041626, 21.402000665664673, 4.316000461578369, 12.434999704360962, 2.6520004272460938, 3.536997079849243, 2.9679980278015137, 10.58500051498413, 3.3259987831115723, 6.648998975753784, 3.778998851776123, 15.945998668670654, 3.0979976654052734, 6.7409987449646, 14.151997089385986, 4.87600040435791, 11.291999578475952, 3.9900007247924805, 3.5679993629455566, 4.621996879577637, 4.23099684715271, 15.557002067565918, 15.878999710083008, 3.482997417449951, 4.889999628067017, 3.69099760055542, 4.7960004806518555, 3.9849979877471924, 4.324000597000122, 4.080998659133911, 3.9589972496032715, 14.17099905014038], "1.1": [3.4339988231658936, 14.814001560211182, 4.341001033782959, 3.9900009632110596, 4.515997886657715, 3.5969972610473633, 4.196999788284302, 11.43999981880188, 4.287000894546509, 5.091000318527222, 3.2649970054626465, 5.371999502182007, 4.182999849319458, 9.428000211715698, 5.162998199462891, 3.8500001430511475, 4.17699933052063, 12.82200026512146, 6.524000406265259, 4.26800012588501, 6.44100022315979, 2.69899845123291, 4.051999568939209, 3.8480005264282227, 9.266000032424927, 5.031998872756958, 6.279001474380493, 3.555999755859375, 13.79123067855835, 3.077000617980957, 7.460999965667725, 17.551000356674194, 5.2310004234313965, 12.732998847961426, 4.5990002155303955, 3.5859994888305664, 4.7789998054504395, 4.142000198364258, 10.316117286682129, 22.433998823165894, 4.268999814987183, 4.969997882843018, 3.7339978218078613, 5.896000146865845, 4.66299843788147, 11.748998880386353]}, "params": {"n_shot": 10, "n_iter": 50, "loss": "Triplet", "model": "paraphrase-mpnet-base-v2", "num_epochs": [8, 1], "data_augmentation_ratio": [1, 1.1], "data_augmentation_strategy": "crossover", "strategy_params": {"n_points_crossover": 3}}}