{"results": {"none": [0.6456285566476979, 0.784841075794621, 0.7279450607501321, 0.7143608627038401, 0.6907155529272619, 0.5904486251808972, 0.5291595197255574, 0.6804222648752399, 0.77375, 0.5237209302325582, 0.7104700854700855, 0.6328437917222964, 0.6582620441242684, 0.6323725055432372, 0.6650555824069598, 0.6309587573647563, 0.6575197889182058, 0.6823069403714564, 0.7044455300439668, 0.701392470345539, 0.5962399283795882, 0.73125, 0.5715447154471545, 0.6082561078348778, 0.6540623403168114, 0.7142857142857143, 0.5728551974580118, 0.6708922476840565, 0.6989010989010989, 0.6516961299569995, 0.787987987987988, 0.48372418620931046, 0.7027848101265822, 0.6947923533289387, 0.6894865525672371, 0.7115097159940209, 0.6459459459459459, 0.7643312101910829, 0.6687811508835524, 0.686052773290253, 0.7140361094933023, 0.7544910179640718, 0.509325681492109, 0.7697974217311234, 0.6758691206543967, 0.7540011855364552, 0.6457528957528957, 0.6287015945330297, 0.7114399544678429, 0.6806105144149237], "swapping_inter": [0.6488469601677149, 0.7628865979381443, 0.7123147675012774, 0.6980071538068472, 0.6252100840336134, 0.6194690265486725, 0.5305491105955144, 0.6501798561151079, 0.7161945483698557, 0.5984766050054406, 0.5840102607952117, 0.5682539682539682, 0.6264020707506471, 0.6513306269733875, 0.627730294396961, 0.6967320261437908, 0.6630958757364757, 0.6718597857838364, 0.6207749381698269, 0.7009880395215808, 0.5343975674648422, 0.7009249743062693, 0.5345656192236599, 0.6072494669509595, 0.6056872037914692, 0.6904876871076775, 0.7136659436008677, 0.658038825286212, 0.6751322751322751, 0.608846487424111, 0.7277459656428943, 0.5333836288193134, 0.6292725679228747, 0.6553524804177546, 0.6978161503301168, 0.6439155814997755, 0.6500679040289724, 0.71397616468039, 0.5612206922218087, 0.6736631684157921, 0.741045214327657, 0.7287319422150883, 0.5951674438321323, 0.6887883358471594, 0.6922683051715309, 0.6258628624022089, 0.7120475418692599, 0.5526518063028439, 0.7015544041450777, 0.5214132762312634], "back_translation": [0.6460219151977132, 0.7777132907719094, 0.7380073800738007, 0.6984950700570836, 0.6575492341356673, 0.5135666535587888, 0.5372141372141372, 0.6301838392475417, 0.7647058823529411, 0.5236325013276686, 0.6951596292481977, 0.667292351008916, 0.5825778478517935, 0.6347150259067358, 0.6981891348088531, 0.6609385327164574, 0.7344694887300715, 0.6790931989924434, 0.6910112359550562, 0.7027027027027027, 0.559968541093197, 0.6638772663877266, 0.5232097876934149, 0.5778816199376947, 0.6414189837008629, 0.6905569007263922, 0.663080684596577, 0.6851851851851852, 0.6489252814738997, 0.5735785953177257, 0.7393753200204813, 0.5134370579915134, 0.644474034620506, 0.5996740901683868, 0.6867239732569246, 0.6800573888091822, 0.5904684975767367, 0.7204116638078902, 0.7044145873320538, 0.69327251995439, 0.7022727272727273, 0.7347357619291944, 0.4449230769230769, 0.7331887201735358, 0.6456332876085963, 0.7320924985899605, 0.6305951795376291, 0.6129597197898424, 0.6751657317695053, 0.6075085324232082], "synonym_replacement": [0.6799580272822665, 0.7585089141004863, 0.75054704595186, 0.6822810590631364, 0.7077106993424985, 0.5995381062355658, 0.49320543565147884, 0.7206931702344547, 0.7664009809932557, 0.4992894362861203, 0.7312676056338028, 0.6106231702216646, 0.6428571428571429, 0.6359649122807017, 0.6976511744127936, 0.6839116719242903, 0.6666666666666666, 0.72, 0.698292220113852, 0.6943866943866944, 0.5307324254692676, 0.7475935828877005, 0.49327052489905787, 0.6102263202011735, 0.6248821866163996, 0.7357894736842105, 0.5857740585774058, 0.6701030927835051, 0.648620510150963, 0.5320610687022901, 0.787621359223301, 0.5114089098152843, 0.745057232049948, 0.6455026455026455, 0.6968641114982579, 0.7190332326283988, 0.6273127753303964, 0.7157442235357335, 0.6441558441558441, 0.645513138324244, 0.6827438370846731, 0.7264391237901172, 0.5323686214775324, 0.7738872403560831, 0.6381638163816382, 0.7276810780460415, 0.6967741935483871, 0.5854063018242123, 0.7204545454545455, 0.5682182985553772], "crossover": [0.6717791411042945, 0.7749510763209393, 0.7171189979123174, 0.6710261569416499, 0.6856127886323268, 0.5036154827732879, 0.5237534354142128, 0.6890595009596929, 0.7666451195862961, 0.5596133190118152, 0.6877192982456141, 0.6726162517613903, 0.6581702321347291, 0.6165090283748925, 0.7003686150605581, 0.6637335009428033, 0.6670247046186896, 0.6887755102040817, 0.6803355079217148, 0.7322107550244432, 0.5642038719873568, 0.740453790813503, 0.5008957362952347, 0.6224137931034482, 0.6512583461736005, 0.7454739084132055, 0.605009633911368, 0.6965811965811965, 0.6756465517241379, 0.6479591836734694, 0.7836835599505563, 0.4928745220716024, 0.7191245440333507, 0.6507115135834411, 0.6828543111992071, 0.7109100050276521, 0.6201550387596899, 0.7621878715814506, 0.7007228915662651, 0.7209039548022599, 0.7016317016317016, 0.6826923076923077, 0.45131086142322097, 0.7651651651651652, 0.6898669396110543, 0.7330097087378641, 0.6760858189429618, 0.6264626462646264, 0.6677099634846114, 0.6377314814814815]}, "train_times": {"none": [6.582000255584717, 2.8690178394317627, 6.555999994277954, 3.38799786567688, 6.85599946975708, 9.549508810043335, 3.1739964485168457, 4.2079997062683105, 3.5410008430480957, 3.0799996852874756, 6.567000389099121, 6.070000886917114, 9.142000436782837, 5.3339972496032715, 5.426996469497681, 6.760000228881836, 4.937000274658203, 3.873000383377075, 4.666997671127319, 5.2230000495910645, 5.880998134613037, 5.1700005531311035, 3.5589985847473145, 18.46000051498413, 3.066998243331909, 7.897915601730347, 6.350996971130371, 7.250000238418579, 3.428999662399292, 7.362999439239502, 5.72700047492981, 6.216999769210815, 10.34600019454956, 1.7509970664978027, 9.842000246047974, 5.965999603271484, 5.898000240325928, 3.0759971141815186, 7.415000677108765, 3.8450002670288086, 298.2172884941101, 3.5465354919433594, 5.6519999504089355, 22.658389568328857, 11.637000799179077, 9.832932710647583, 3.747379779815674, 3.789001226425171, 4.742969512939453, 4.6559977531433105], "swapping_inter": [6.293999910354614, 2.9690001010894775, 6.1650004386901855, 3.3979971408843994, 7.748000621795654, 14.553001165390015, 3.4429984092712402, 4.219997406005859, 3.5659990310668945, 3.207000255584717, 5.362999200820923, 6.212000846862793, 8.051001071929932, 4.947000026702881, 15.843013048171997, 5.958000421524048, 4.64400053024292, 3.8470003604888916, 5.14499831199646, 5.384000301361084, 5.629997968673706, 5.801000356674194, 3.5219998359680176, 8.799001216888428, 2.8189995288848877, 8.830998420715332, 6.373998641967773, 6.838001251220703, 3.1909992694854736, 7.725996971130371, 5.584999084472656, 5.772999286651611, 8.564000844955444, 1.7639989852905273, 6.8550004959106445, 4.518000602722168, 5.977002143859863, 3.0869967937469482, 15.56200098991394, 3.069000244140625, 9.48890471458435, 3.4893715381622314, 5.006001710891724, 10.219449758529663, 9.873000860214233, 12.852001428604126, 4.708001375198364, 5.22331976890564, 4.357515096664429, 4.169999122619629],