{"results": {"none": [0.6098020735155514, 0.7874774232390126, 0.727364185110664, 0.6814595660749507], "swapping_inter": [0.6585117227319062, 0.7574370709382151, 0.7290289781392985, 0.6625650733554188], "back_translation": [0.6125290023201856, 0.7381974248927039, 0.7261474987106756, 0.6421612046058459], "synonym_replacement": [0.6322763842877426, 0.6753609687936656, 0.7387198321091291, 0.6870305458187281], "crossover": [0.7906114885731933, 0.7400204708290685, 0.6537574919317658]}, "train_times": {"none": [90.5059986114502, 19.956437587738037, 81.85199975967407, 20.007999897003174], "swapping_inter": [168.19299960136414, 28.246999263763428, 137.59099864959717, 32.91000151634216], "back_translation": [106.50837588310242, 28.098000049591064, 141.75138807296753, 30.810999155044556], "synonym_replacement": [124.78211069107056, 28.661998510360718, 161.9795560836792, 32.600526094436646], "crossover": [28.661999702453613, 121.25199890136719, 31.364997625350952]}, "params": {"n_shot": 10, "n_iter": 5, "loss": "Pair-wise", "model": "sentence-transformers/paraphrase-mpnet-base-v2", "data_augmentation_ratio": 1.3, "data_augmentation_strategy": ["none", "swapping_inter", "back_translation", "synonym_replacement", "crossover"], "strategy_params": {"n_points_crossover": 2, "modification_rate": 0.5}}}