{"results": {"1": [0.6703096539162113, 0.7333333333333333, 0.5408618127786032, 0.7780429594272077, 0.7355163727959698, 0.6967741935483871, 0.7309417040358744, 0.7216494845360825, 0.7486631016042781, 0.6226415094339622, 0.6112956810631229, 0.7795823665893271, 0.6320754716981132, 0.6728971962616822, 0.7320954907161804, 0.7613941018766756, 0.5228215767634855, 0.7494356659142212, 0.7435897435897436, 0.7750677506775068, 0.7681159420289855, 0.7824175824175824, 0.7045454545454546, 0.7303921568627451, 0.6590038314176245, 0.6230636833046471, 0.7058823529411765, 0.6765799256505576, 0.7287784679089027, 0.7864077669902912, 0.6151079136690647, 0.7122641509433962, 0.7515657620041754, 0.7415254237288136, 0.7581047381546134, 0.6901960784313725, 0.7786666666666666, 0.7740384615384616, 0.6473429951690821, 0.730593607305936, 0.7391304347826086, 0.7788944723618091, 0.7246376811594203, 0.6067019400352733, 0.7733333333333333, 0.711864406779661, 0.7595505617977528, 0.751131221719457, 0.7412008281573499, 0.5674846625766872], "1.1": [0.6366782006920415, 0.7331786542923434, 0.5484848484848485, 0.7904761904761904, 0.7411167512690355, 0.6242774566473989, 0.7181628392484343, 0.7074468085106383, 0.6062846580406654, 0.7830188679245284, 0.6604215456674473, 0.6794625719769674, 0.7493540051679587, 0.7598944591029023, 0.5358166189111748, 0.7422680412371134, 0.7418546365914787, 0.7680798004987531, 0.7858823529411765, 0.7205542725173211, 0.7475728155339806, 0.61, 0.6998087954110899, 0.5985915492957746, 0.7227722772277227, 0.7392197125256673, 0.7249466950959488, 0.783068783068783, 0.7488372093023256, 0.6584766584766585, 0.7738693467336684, 0.7198364008179959, 0.6666666666666666, 0.7981651376146789, 0.7557603686635944, 0.7171314741035857, 0.5935483870967742]}, "run_times": {"1": [3.0460000038146973, 13.459999084472656, 4.452998876571655, 3.864999532699585, 4.593999862670898, 3.634000062942505, 3.655001640319824, 17.18600082397461, 4.528996706008911, 3.385997772216797, 3.052999258041382, 2.637998580932617, 5.03499960899353, 4.168000221252441, 6.021000385284424, 4.113997220993042, 3.8539984226226807, 4.1419994831085205, 15.71500015258789, 14.234996795654297, 4.33899998664856, 12.29699969291687, 2.9379982948303223, 3.765000820159912, 3.1279985904693604, 14.588000059127808, 3.5079970359802246, 7.106999635696411, 3.9269967079162598, 18.960996389389038, 3.1859991550445557, 8.659999370574951, 16.976532220840454, 5.08599853515625, 16.08791160583496, 4.383000135421753, 3.5870001316070557, 4.955998420715332, 4.590520143508911, 80.58579707145691, 22.66402316093445, 3.6879994869232178, 5.250000953674316, 3.976996898651123, 5.465998649597168, 4.270999431610107, 4.702999830245972, 4.416999340057373, 4.229999780654907, 29.364147424697876], "1.1": [3.326997756958008, 12.833997011184692, 4.147001504898071, 3.9130001068115234, 4.566000461578369, 3.678999900817871, 11.21299695968628, 3.3969972133636475, 3.246000051498413, 2.7429966926574707, 5.390998363494873, 4.155001401901245, 9.312000036239624, 5.219000339508057, 3.843000888824463, 12.59207272529602, 6.492001295089722, 4.1680006980896, 8.671639442443848, 2.856998920440674, 3.9170007705688477, 11.277996063232422, 7.323997735977173, 3.2799994945526123, 7.954001188278198, 18.026999950408936, 4.859999895095825, 3.650995969772339, 5.15999960899353, 4.357518196105957, 4.576998233795166, 5.3010008335113525, 3.987999200820923, 6.512997388839722, 4.8099987506866455, 4.269998073577881, 14.315999269485474]}, "params": {"n_shot": 10, "n_iter": 50, "loss": "Triplet", "model": "paraphrase-mpnet-base-v2", "num_epochs": [8, 1], "data_augmentation_ratio": [1, 1.1], "data_augmentation_strategy": "crossover", "strategy_params": {"n_points_crossover": 1}}}