{"results": {"1": [0.6703096539162113, 0.7333333333333333, 0.5408618127786032, 0.7780429594272077, 0.7355163727959698, 0.6967741935483871, 0.7309417040358744, 0.7216494845360825, 0.7486631016042781, 0.6226415094339622, 0.6112956810631229, 0.7795823665893271, 0.6320754716981132, 0.6728971962616822, 0.7320954907161804, 0.7613941018766756, 0.5228215767634855, 0.7494356659142212, 0.7435897435897436, 0.7750677506775068, 0.7681159420289855, 0.7824175824175824, 0.7045454545454546, 0.7303921568627451, 0.6590038314176245, 0.6230636833046471, 0.7058823529411765, 0.6765799256505576, 0.7287784679089027, 0.7864077669902912, 0.6151079136690647, 0.7122641509433962, 0.7515657620041754, 0.7415254237288136, 0.7581047381546134, 0.6901960784313725, 0.7786666666666666, 0.7740384615384616, 0.6473429951690821, 0.730593607305936, 0.7391304347826086, 0.7788944723618091, 0.7246376811594203, 0.6067019400352733, 0.7733333333333333, 0.711864406779661, 0.7595505617977528, 0.751131221719457, 0.7412008281573499, 0.5674846625766872], "1.1": [0.6368330464716007, 0.7563805104408353, 0.5329249617151608, 0.7885985748218527, 0.7412935323383084, 0.6503067484662577, 0.7048458149779736, 0.7169811320754716, 0.703125, 0.583804143126177, 0.5970636215334421, 0.7828162291169452, 0.6666666666666666, 0.685823754789272, 0.7422680412371134, 0.7684210526315789, 0.5333333333333333, 0.7517084282460137, 0.7333333333333333, 0.7664041994750657, 0.77, 0.7962085308056872, 0.7166276346604216, 0.7584541062801933, 0.6692160611854685, 0.6235093696763203, 0.6932270916334662, 0.6606498194945848, 0.7099391480730223, 0.8087167070217918, 0.6120218579234973, 0.7122641509433962, 0.7427385892116183, 0.7295597484276729, 0.7525252525252525, 0.7354838709677419, 0.7862796833773087, 0.7733990147783252, 0.6567901234567901, 0.7453703703703703, 0.7493917274939172, 0.7711442786069652, 0.7227926078028748, 0.6613545816733067, 0.7918552036199095, 0.6951219512195121, 0.7477477477477478, 0.7370786516853932, 0.7239263803680982, 0.5736434108527132]}, "run_times": {"1": [3.281996488571167, 13.865000247955322, 4.435000658035278, 3.8510007858276367, 4.655999660491943, 3.673997402191162, 3.6209969520568848, 17.181000232696533, 4.625000715255737, 3.3420004844665527, 3.0579981803894043, 2.5229990482330322, 4.98199987411499, 4.188997030258179, 5.999999761581421, 4.082996845245361, 3.9010009765625, 4.172998428344727, 16.02100133895874, 14.049999952316284, 4.313999176025391, 12.167001485824585, 2.6190004348754883, 3.537997007369995, 2.920999765396118, 10.437000036239624, 3.247997522354126, 6.378001689910889, 3.7309975624084473, 15.724000453948975, 3.1109964847564697, 6.6089982986450195, 15.729002237319946, 4.891000747680664, 12.401999950408936, 4.1570000648498535, 3.4969990253448486, 4.646999359130859, 4.211999893188477, 12.375998258590698, 14.352001428604126, 3.4659974575042725, 4.851999759674072, 3.6639978885650635, 4.691997051239014, 6.60499906539917, 4.367997407913208, 4.066997289657593, 3.9890007972717285, 13.9420006275177], "1.1": [3.34799861907959, 13.593001365661621, 4.066000938415527, 3.873997211456299, 4.456001281738281, 3.6949968338012695, 3.858999729156494, 11.919997453689575, 3.364996910095215, 3.1780002117156982, 3.088998794555664, 2.797999382019043, 5.309999942779541, 4.034999132156372, 6.566000461578369, 5.077998876571655, 3.840001106262207, 4.218998670578003, 13.127592325210571, 6.493000268936157, 4.153998613357544, 6.3480002880096436, 2.688997507095337, 3.8279995918273926, 3.059999704360962, 9.365999698638916, 3.6979997158050537, 6.312999725341797, 3.357999324798584, 14.618730068206787, 3.116997241973877, 7.037999868392944, 16.178997039794922, 5.145000219345093, 13.672999858856201, 4.494000434875488, 3.568998336791992, 4.735000133514404, 4.119000196456909, 9.014999389648438, 13.31399941444397, 4.251999378204346, 4.853000164031982, 3.784001588821411, 5.9730002880096436, 4.110999584197998, 3.9040005207061768, 4.616000652313232, 3.9430007934570312, 11.661000490188599]}, "params": {"n_shot": 10, "n_iter": 50, "loss": "Triplet", "model": "paraphrase-mpnet-base-v2", "num_epochs": "(8,1)", "data_augmentation_ratio": [1, 1.1], "data_augmentation_strategy": "synonym_replacement", "strategy_params": {"modification_rate": 1}}}