{"results": {"1": [0.6703096539162113, 0.7333333333333333, 0.5408618127786032, 0.7780429594272077, 0.7355163727959698, 0.6967741935483871, 0.7309417040358744, 0.7216494845360825, 0.7486631016042781, 0.6226415094339622, 0.6112956810631229, 0.7795823665893271, 0.6320754716981132, 0.6728971962616822, 0.7320954907161804, 0.7613941018766756, 0.5228215767634855, 0.7494356659142212, 0.7435897435897436, 0.7750677506775068, 0.7681159420289855, 0.7824175824175824, 0.7045454545454546, 0.7303921568627451, 0.6590038314176245, 0.6230636833046471, 0.7058823529411765, 0.6765799256505576, 0.7287784679089027, 0.7864077669902912, 0.6151079136690647, 0.7122641509433962, 0.7515657620041754, 0.7415254237288136, 0.7581047381546134, 0.6901960784313725, 0.7786666666666666, 0.7740384615384616, 0.6473429951690821, 0.730593607305936, 0.7391304347826086, 0.7788944723618091, 0.7246376811594203, 0.6067019400352733, 0.7733333333333333, 0.711864406779661, 0.7595505617977528, 0.751131221719457, 0.7412008281573499, 0.5674846625766872], "1.1": [0.6368330464716007, 0.7563805104408353, 0.5329249617151608, 0.7885985748218527, 0.7412935323383084, 0.6503067484662577, 0.7048458149779736, 0.7169811320754716, 0.703125, 0.583804143126177, 0.5970636215334421, 0.7828162291169452, 0.6666666666666666, 0.685823754789272, 0.7422680412371134, 0.7684210526315789, 0.5333333333333333, 0.7517084282460137, 0.7333333333333333, 0.7664041994750657, 0.77, 0.7962085308056872, 0.7166276346604216, 0.7584541062801933, 0.6692160611854685, 0.6235093696763203, 0.6932270916334662, 0.6606498194945848, 0.7099391480730223, 0.8087167070217918, 0.6120218579234973, 0.7122641509433962, 0.7427385892116183, 0.7295597484276729, 0.7525252525252525, 0.7354838709677419, 0.7862796833773087, 0.7733990147783252, 0.6567901234567901, 0.7453703703703703, 0.7493917274939172, 0.7711442786069652, 0.7227926078028748, 0.6613545816733067, 0.7918552036199095, 0.6951219512195121, 0.7477477477477478, 0.7370786516853932, 0.7239263803680982, 0.5736434108527132]}, "run_times": {"1": [3.2549972534179688, 13.973000049591064, 4.436999559402466, 3.9119975566864014, 4.596000909805298, 3.5829992294311523, 3.6010000705718994, 17.40000009536743, 4.5590009689331055, 3.3610007762908936, 3.07200026512146, 2.5409982204437256, 5.099999904632568, 4.298999786376953, 6.004997491836548, 4.116000175476074, 3.876999616622925, 4.091999530792236, 16.142000913619995, 14.433999061584473, 4.393998861312866, 12.431997537612915, 2.675999164581299, 3.442000389099121, 2.964998722076416, 10.90299916267395, 3.3479998111724854, 6.670000314712524, 3.6979968547821045, 14.885999917984009, 3.1610002517700195, 6.663997173309326, 15.180998086929321, 4.941999435424805, 11.255000352859497, 4.160000801086426, 3.445997476577759, 4.654000282287598, 4.226999044418335, 14.236998796463013, 15.694000005722046, 3.4969983100891113, 4.9070000648498535, 3.7229971885681152, 5.560018062591553, 5.918999910354614, 4.604000091552734, 4.329996585845947, 4.038996696472168, 16.10652256011963], "1.1": [3.3430004119873047, 13.84699821472168, 4.181000232696533, 3.8360002040863037, 4.422998666763306, 3.5719966888427734, 4.036996364593506, 11.367996454238892, 3.3259963989257812, 3.2129969596862793, 3.0979995727539062, 2.8650007247924805, 5.257997751235962, 4.167999505996704, 7.0470006465911865, 5.0209996700286865, 3.9459991455078125, 4.187000036239624, 13.775793075561523, 6.502001047134399, 4.20799994468689, 6.389999866485596, 2.75, 3.8349974155426025, 3.016998052597046, 9.293000936508179, 3.7119996547698975, 6.330000638961792, 3.470000743865967, 13.717536687850952, 3.1379992961883545, 7.203996896743774, 16.63800024986267, 5.179000377655029, 12.108000755310059, 4.577000617980957, 3.565995931625366, 4.74600076675415, 4.083000421524048, 9.665414810180664, 13.462996482849121, 4.255000114440918, 4.875000715255737, 3.7999980449676514, 9.094001054763794, 4.274001121520996, 4.060135364532471, 4.7659995555877686, 4.17400050163269, 12.650979995727539]}, "params": {"n_shot": 10, "n_iter": 50, "loss": "Triplet", "model": "paraphrase-mpnet-base-v2", "num_epochs": [8, 1], "data_augmentation_ratio": [1, 1.1], "data_augmentation_strategy": "synonym_replacement", "strategy_params": {"modification_rate": 0.2}}}