{"results": {"1": [0.6703096539162113, 0.7333333333333333, 0.5408618127786032, 0.7780429594272077, 0.7355163727959698, 0.6967741935483871, 0.7309417040358744, 0.7216494845360825, 0.7486631016042781, 0.6226415094339622, 0.6112956810631229, 0.7795823665893271, 0.6320754716981132, 0.6728971962616822, 0.7320954907161804, 0.7613941018766756, 0.5228215767634855, 0.7494356659142212, 0.7435897435897436, 0.7750677506775068, 0.7681159420289855, 0.7824175824175824, 0.7045454545454546, 0.7303921568627451, 0.6590038314176245, 0.6230636833046471, 0.7058823529411765, 0.6765799256505576, 0.7287784679089027, 0.7864077669902912, 0.6151079136690647, 0.7122641509433962, 0.7515657620041754, 0.7415254237288136, 0.7581047381546134, 0.6901960784313725, 0.7786666666666666, 0.7740384615384616, 0.6473429951690821, 0.730593607305936, 0.7391304347826086, 0.7788944723618091, 0.7246376811594203, 0.6067019400352733, 0.7733333333333333, 0.711864406779661, 0.7595505617977528, 0.751131221719457, 0.7412008281573499, 0.5674846625766872], "1.1": [0.6135986733001658, 0.7429906542056075, 0.5366614664586583, 0.7923627684964201, 0.7389162561576355, 0.6583333333333333, 0.6846473029045643, 0.7242105263157895, 0.7093333333333334, 0.5931558935361216, 0.5996758508914101, 0.7793427230046949, 0.6698113207547169, 0.6853932584269663, 0.7334963325183375, 0.7684210526315789, 0.5325779036827195, 0.7482993197278912, 0.7352185089974294, 0.7777777777777778, 0.7534246575342466, 0.8, 0.7173396674584323, 0.6888361045130641, 0.6436363636363637, 0.6049586776859505, 0.6958250497017893, 0.6606822262118492, 0.7104722792607803, 0.801909307875895, 0.6099290780141844, 0.7105882352941176, 0.7398373983739838, 0.7377398720682303, 0.7493670886075949, 0.7087576374745418, 0.7798408488063661, 0.7482352941176471, 0.6487804878048781, 0.7453703703703703, 0.7338129496402878, 0.7777777777777778, 0.6806083650190115, 0.6047297297297297, 0.7784946236559139, 0.6868686868686869, 0.7377777777777778, 0.7358916478555305, 0.7305389221556886, 0.5562130177514792]}, "run_times": {"1": [3.2339961528778076, 13.458999395370483, 4.406999111175537, 3.8430001735687256, 4.569997787475586, 3.6579983234405518, 3.694000005722046, 17.10199999809265, 4.603000164031982, 3.4019999504089355, 3.038999080657959, 2.524995803833008, 5.053997993469238, 4.248000144958496, 6.030996561050415, 4.016000747680664, 3.9030001163482666, 4.025995969772339, 16.842000007629395, 14.17900037765503, 4.3909995555877686, 14.242000579833984, 2.6829957962036133, 3.432997703552246, 2.927000045776367, 9.554000854492188, 3.2829978466033936, 6.356998920440674, 3.6879994869232178, 15.488000392913818, 3.1509995460510254, 6.676000595092773, 15.103999853134155, 5.950000047683716, 11.412999629974365, 4.092000484466553, 3.4030003547668457, 4.634998798370361, 4.205999851226807, 12.151000022888184, 14.199999332427979, 3.383000135421753, 4.8030006885528564, 3.614996910095215, 4.818999528884888, 4.06299901008606, 4.296000003814697, 4.130999565124512, 3.9729983806610107, 13.343000650405884], "1.1": [3.0929980278015137, 14.493999481201172, 4.156000137329102, 3.999999761581421, 4.606998920440674, 3.7240004539489746, 3.8219988346099854, 10.62199878692627, 3.377000331878662, 3.221998929977417, 2.876000165939331, 2.7880001068115234, 5.049000263214111, 4.082998037338257, 9.155000448226929, 5.101999998092651, 3.9699995517730713, 4.206000089645386, 11.890997409820557, 6.504000425338745, 4.18000054359436, 6.475001096725464, 2.829996109008789, 3.5629994869232178, 3.029998540878296, 9.191999197006226, 3.7389986515045166, 6.365996837615967, 3.205000400543213, 18.715999841690063, 3.021995782852173, 7.101998567581177, 15.689000606536865, 5.165998458862305, 11.611000061035156, 4.55099892616272, 3.6089978218078613, 4.6429970264434814, 4.063999891281128, 9.086998701095581, 23.710998058319092, 3.9869983196258545, 4.713000297546387, 3.8030002117156982, 5.917001247406006, 4.171001195907593, 3.9839975833892822, 4.693000316619873, 4.141001462936401, 11.55299997329712]}, "params": {"n_shot": 10, "n_iter": 50, "loss": "Triplet", "model": "paraphrase-mpnet-base-v2", "num_epochs": [8, 1], "data_augmentation_ratio": [1, 1.1], "data_augmentation_strategy": "back_translation"}}