{"results": {"1": [0.609271523178808, 0.6896551724137931], "1.1": [0.6048780487804878, 0.6796536796536796], "1.5": [0.6133333333333333, 0.6794055201698513], "1.8": [0.6187290969899666, 0.6776859504132231], "2": [0.6058631921824105, 0.7]}, "run_times": {"1": [0.6139976978302002, 1.1359992027282715], "1.1": [0.8639428615570068, 1.2759990692138672], "1.5": [0.9279992580413818, 1.3869993686676025], "1.8": [1.179999828338623, 1.7059941291809082], "2": [1.3186404705047607, 7.711073160171509]}, "params": {"n_shot": 10, "n_iter": 2, "loss": "Triplet", "model": "paraphrase-mpnet-base-v2", "num_epochs": [8, 1], "input_length_range": [0, 9], "data_augmentation_ratio": [1, 1.1, 1.5, 1.8, 2], "data_augmentation_strategy": "synonym"}}