{"results": {"1": [0.6703096539162113, 0.7333333333333333, 0.5408618127786032, 0.7780429594272077, 0.7355163727959698, 0.6967741935483871, 0.7309417040358744, 0.7216494845360825, 0.7486631016042781, 0.6226415094339622, 0.6112956810631229, 0.7795823665893271, 0.6320754716981132, 0.6728971962616822, 0.7320954907161804, 0.7613941018766756, 0.5228215767634855, 0.7494356659142212, 0.7435897435897436, 0.7750677506775068, 0.7681159420289855, 0.7824175824175824, 0.7045454545454546, 0.7303921568627451, 0.6590038314176245, 0.6230636833046471, 0.7058823529411765, 0.6765799256505576, 0.7287784679089027, 0.7864077669902912, 0.6151079136690647, 0.7122641509433962, 0.7515657620041754, 0.7415254237288136, 0.7581047381546134, 0.6901960784313725, 0.7786666666666666, 0.7740384615384616, 0.6473429951690821, 0.730593607305936, 0.7391304347826086, 0.7788944723618091, 0.7246376811594203, 0.6067019400352733, 0.7733333333333333, 0.711864406779661, 0.7595505617977528, 0.751131221719457, 0.7412008281573499, 0.5674846625766872], "1.1": [0.6368330464716007, 0.7563805104408353, 0.5329249617151608, 0.7885985748218527, 0.7412935323383084, 0.6503067484662577, 0.7048458149779736, 0.7169811320754716, 0.703125, 0.583804143126177, 0.5970636215334421, 0.7828162291169452, 0.6666666666666666, 0.685823754789272, 0.7422680412371134, 0.7684210526315789, 0.5333333333333333, 0.7517084282460137, 0.7333333333333333, 0.7664041994750657, 0.77, 0.7962085308056872, 0.7166276346604216, 0.7584541062801933, 0.6692160611854685, 0.6235093696763203, 0.6932270916334662, 0.6606498194945848, 0.7099391480730223, 0.8087167070217918, 0.6120218579234973, 0.7122641509433962, 0.7427385892116183, 0.7295597484276729, 0.7525252525252525, 0.7354838709677419, 0.7862796833773087, 0.7733990147783252, 0.6567901234567901, 0.7453703703703703, 0.7493917274939172, 0.7711442786069652, 0.7227926078028748, 0.6613545816733067, 0.7918552036199095, 0.6951219512195121, 0.7477477477477478, 0.7370786516853932, 0.7239263803680982, 0.5736434108527132]}, "run_times": {"1": [3.2549989223480225, 13.397999286651611, 4.380998849868774, 3.917001485824585, 4.668998718261719, 3.6700003147125244, 3.5329999923706055, 17.13399887084961, 4.555997848510742, 3.445998191833496, 3.106999158859253, 2.5420000553131104, 5.076001405715942, 4.275996446609497, 6.046999931335449, 4.044000148773193, 3.852999448776245, 4.145996332168579, 16.978999853134155, 14.141000509262085, 4.274998903274536, 12.188997507095337, 2.6680002212524414, 3.519000291824341, 2.9409992694854736, 9.310997247695923, 3.359998941421509, 6.3939971923828125, 3.7469980716705322, 15.21899962425232, 3.152998447418213, 6.7300004959106445, 14.436999082565308, 4.785998344421387, 11.388001203536987, 4.127999305725098, 3.442997455596924, 4.575999021530151, 4.289999008178711, 14.53200101852417, 14.244001865386963, 3.444000005722046, 4.8369996547698975, 3.6399998664855957, 4.658999681472778, 4.65199613571167, 4.3349997997283936, 4.071997165679932, 3.854999303817749, 13.242999792098999], "1.1": [3.231999397277832, 13.43699836730957, 4.198999881744385, 3.8829996585845947, 4.402000188827515, 3.630997657775879, 3.9470016956329346, 11.610999584197998, 3.3020007610321045, 3.2200000286102295, 3.0810000896453857, 2.887998342514038, 5.305999994277954, 4.107000350952148, 6.640000820159912, 5.010998725891113, 3.919999599456787, 4.068999767303467, 12.084933996200562, 6.497999668121338, 4.16700005531311, 6.385997772216797, 2.6739962100982666, 3.818000555038452, 3.01299786567688, 9.247999668121338, 3.6899993419647217, 6.208000421524048, 3.4059996604919434, 13.014902353286743, 3.059999704360962, 6.837000608444214, 15.40999984741211, 5.169999361038208, 11.881996870040894, 4.573999404907227, 3.553997039794922, 4.7790000438690186, 4.121999740600586, 8.899998188018799, 13.506000280380249, 4.14400053024292, 4.96999979019165, 3.7829959392547607, 5.363999128341675, 3.9970006942749023, 3.938999652862549, 4.622000455856323, 3.986999273300171, 10.918998003005981]}, "params": {"n_shot": 10, "n_iter": 50, "loss": "Triplet", "model": "paraphrase-mpnet-base-v2", "num_epochs": [8, 1], "data_augmentation_ratio": [1, 1.1], "data_augmentation_strategy": "synonym_replacement", "strategy_params": {"modification_rate": 1}}}