{"results": {"1": [0.6703096539162113, 0.7333333333333333, 0.5408618127786032, 0.7780429594272077, 0.7355163727959698, 0.6967741935483871, 0.7309417040358744, 0.7216494845360825, 0.7486631016042781, 0.6226415094339622], "1.2": [0.6368330464716007, 0.7563805104408353, 0.5329249617151608, 0.7885985748218527, 0.7412935323383084, 0.6503067484662577, 0.7048458149779736, 0.7169811320754716, 0.703125, 0.583804143126177], "1.4": [0.6536412078152753, 0.7215189873417721, 0.56875, 0.7942583732057417, 0.72, 0.7268722466960352, 0.7230443974630021, 0.7249466950959488, 0.7028423772609819, 0.6015325670498084], "1.6": [0.7207920792079208, 0.7593818984547461, 0.5625, 0.7874396135265701, 0.745, 0.7101123595505618, 0.7363636363636363, 0.7527352297592997, 0.7222222222222222, 0.5640074211502782], "1.8": [0.7014028056112225, 0.7357293868921776, 0.5203938115330521, 0.7903614457831325, 0.736318407960199, 0.7494456762749445, 0.7159904534606205, 0.725050916496945, 0.7596899224806202, 0.5982905982905983], "2": [0.7154471544715447, 0.771689497716895, 0.5263157894736842, 0.7799043062200957, 0.751269035532995, 0.7345971563981043, 0.7325301204819277, 0.6907020872865275, 0.7626666666666667, 0.5795053003533569]}, "run_times": {"1": [3.6349995136260986, 22.67747688293457, 5.262999534606934, 3.973999500274658, 4.57699990272522, 3.908996343612671, 3.9180006980895996, 22.935391902923584, 5.206999778747559, 3.764000177383423], "1.2": [3.5009982585906982, 18.80101704597473, 4.095996141433716, 3.924999475479126, 6.117998123168945, 3.952000617980957, 4.228999614715576, 22.555996656417847, 3.287994146347046, 3.1059963703155518], "1.4": [2.681999921798706, 17.599510669708252, 3.9820005893707275, 4.009000301361084, 4.894001245498657, 3.9379971027374268, 4.625, 20.112034559249878, 3.3830010890960693, 3.3229987621307373], "1.6": [6.362000226974487, 31.170013904571533, 7.986001014709473, 7.3540003299713135, 9.304002046585083, 6.670000791549683, 4.644001007080078, 28.966996669769287, 8.360000610351562, 6.5520007610321045], "1.8": [5.67199969291687, 84.63916563987732, 8.33400011062622, 6.752000331878662, 13.12000036239624, 7.571000576019287, 4.213000774383545, 31.37000012397766, 11.148999452590942, 6.284998655319214], "2": [6.075999736785889, 54.37800145149231, 8.018001556396484, 7.292999029159546, 9.586999416351318, 7.585999250411987, 4.250997304916382, 33.8439998626709, 12.61000108718872, 6.339998483657837]}, "params": {"n_shot": 10, "n_iter": 10, "loss": "Triplet", "model": "paraphrase-mpnet-base-v2", "num_epochs": [8, 1], "input_length_range": [1, 9], "data_augmentation_ratio": [1, 1.2, 1.4, 1.6, 1.8, 2], "data_augmentation_strategy": "synonym"}}