{"results": {"1": [0.6703096539162113, 0.7333333333333333, 0.5408618127786032, 0.7780429594272077, 0.7355163727959698, 0.6967741935483871, 0.7309417040358744, 0.7216494845360825, 0.7486631016042781, 0.6226415094339622], "1.1": [0.6368330464716007, 0.7563805104408353, 0.5329249617151608, 0.7885985748218527, 0.7412935323383084, 0.6503067484662577, 0.7048458149779736, 0.7169811320754716, 0.703125, 0.583804143126177]}, "run_times": {"1": [3.561999797821045, 20.403555154800415, 6.393000602722168, 4.195998430252075, 4.931997299194336, 3.8339993953704834, 3.8419981002807617, 19.368804931640625, 5.546001195907593, 3.700998306274414], "1.1": [3.542996406555176, 26.354029655456543, 4.300000905990601, 4.174999713897705, 6.356998443603516, 3.8899991512298584, 4.280998468399048, 17.719014406204224, 3.5719997882843018, 3.394998550415039]}, "params": {"n_shot": 10, "n_iter": 10, "loss": "Triplet", "model": "paraphrase-mpnet-base-v2", "num_epochs": [8, 1], "data_augmentation_ratio": [1, 1.1], "data_augmentation_strategy": "synonym_replacement", "strategy_params": {"modification_rate": 0.3}}}