{"results": {"1": [0.6703096539162113, 0.7333333333333333, 0.5408618127786032, 0.7780429594272077, 0.7355163727959698, 0.6967741935483871, 0.7309417040358744, 0.7216494845360825, 0.7486631016042781, 0.6226415094339622], "1.1": [0.6368330464716007, 0.7563805104408353, 0.5329249617151608, 0.7885985748218527, 0.7412935323383084, 0.6503067484662577, 0.7048458149779736, 0.7169811320754716, 0.703125, 0.583804143126177]}, "run_times": {"1": [3.4409990310668945, 14.819999933242798, 7.243000745773315, 4.13100004196167, 4.885000467300415, 3.8859987258911133, 3.798999071121216, 53.18299841880798, 5.8289995193481445, 3.496999979019165], "1.1": [3.50199818611145, 35.26971936225891, 4.370997428894043, 4.110999345779419, 4.773997068405151, 3.8329992294311523, 4.270000457763672, 20.784998893737793, 3.5179991722106934, 3.4149978160858154]}, "params": {"n_shot": 10, "n_iter": 10, "loss": "Triplet", "model": "paraphrase-mpnet-base-v2", "num_epochs": [8, 1], "data_augmentation_ratio": [1, 1.1], "data_augmentation_strategy": "synonym_replacement", "strategy_params": {"modification_rate": 0.5}}}