{"results": {"1": [0.6531850353892821, 0.7865022712524334, 0.7429467084639498, 0.7054026503567788, 0.6943483275663207], "1.1": [0.6384039900249376, 0.7771280051981806, 0.7458333333333333, 0.7145085803432137, 0.6947004608294931]}, "run_times": {"1": [6.688018083572388, 3.010998010635376, 6.229065656661987, 3.261996030807495, 19.37055730819702], "1.1": [6.523000717163086, 3.0299994945526123, 7.173000335693359, 3.71000075340271, 9.880027532577515]}, "params": {"n_shot": 10, "n_iter": 5, "loss": "Triplet", "model": "paraphrase-mpnet-base-v2", "num_epochs": "(8,1)", "data_augmentation_ratio": [1, 1.1], "data_augmentation_strategy": "synonym_replacement", "strategy_params": {"modification_rate": 0.1}}}