{"results": {"1": [0.6703096539162113, 0.7333333333333333, 0.5408618127786032, 0.7780429594272077, 0.7355163727959698, 0.6967741935483871, 0.7309417040358744, 0.7216494845360825, 0.7486631016042781, 0.6226415094339622, 0.6112956810631229, 0.7795823665893271, 0.6320754716981132, 0.6728971962616822, 0.7320954907161804, 0.7613941018766756, 0.5228215767634855, 0.7494356659142212, 0.7435897435897436, 0.7750677506775068, 0.7681159420289855, 0.7824175824175824, 0.7045454545454546, 0.7303921568627451, 0.6590038314176245, 0.6230636833046471, 0.7058823529411765, 0.6765799256505576, 0.7287784679089027, 0.7864077669902912, 0.6151079136690647, 0.7122641509433962, 0.7515657620041754, 0.7415254237288136, 0.7581047381546134, 0.6901960784313725, 0.7786666666666666, 0.7740384615384616, 0.6473429951690821, 0.730593607305936, 0.7391304347826086, 0.7788944723618091, 0.7246376811594203, 0.6067019400352733, 0.7733333333333333, 0.711864406779661, 0.7595505617977528, 0.751131221719457, 0.7412008281573499, 0.5674846625766872], "1.1": [0.6368330464716007, 0.7563805104408353, 0.5329249617151608, 0.7885985748218527, 0.7412935323383084, 0.6503067484662577, 0.7048458149779736, 0.7169811320754716, 0.703125, 0.583804143126177, 0.5970636215334421, 0.7828162291169452, 0.6666666666666666, 0.685823754789272, 0.7422680412371134, 0.7684210526315789, 0.5333333333333333, 0.7517084282460137, 0.7333333333333333, 0.7664041994750657, 0.77, 0.7962085308056872, 0.7166276346604216, 0.7584541062801933, 0.6692160611854685, 0.6235093696763203, 0.6932270916334662, 0.6606498194945848, 0.7099391480730223, 0.8087167070217918, 0.6120218579234973, 0.7122641509433962, 0.7427385892116183, 0.7295597484276729, 0.7525252525252525, 0.7354838709677419, 0.7862796833773087, 0.7733990147783252, 0.6567901234567901, 0.7453703703703703, 0.7493917274939172, 0.7711442786069652, 0.7227926078028748, 0.6613545816733067, 0.7918552036199095, 0.6951219512195121, 0.7477477477477478, 0.7370786516853932, 0.7239263803680982, 0.5736434108527132]}, "run_times": {"1": [3.2999982833862305, 14.482000589370728, 4.5380003452301025, 4.0360002517700195, 4.750000715255737, 3.6919989585876465, 3.70300030708313, 18.202001571655273, 4.606001138687134, 3.4720001220703125, 3.145998954772949, 2.624999523162842, 5.0500006675720215, 4.2099974155426025, 5.97100043296814, 4.098000526428223, 3.872999429702759, 4.093999862670898, 16.686000108718872, 14.34700059890747, 4.279000282287598, 12.160000085830688, 2.6640007495880127, 3.5139968395233154, 2.919999837875366, 10.134000301361084, 3.3640010356903076, 6.4609997272491455, 3.736997127532959, 15.076998949050903, 3.117997407913208, 6.648000955581665, 15.169996976852417, 4.878000497817993, 12.422999382019043, 4.1239988803863525, 3.421999931335449, 4.597999811172485, 4.263000249862671, 15.14499831199646, 14.415998697280884, 3.4029972553253174, 4.798999071121216, 3.698000192642212, 4.705997705459595, 4.584995985031128, 4.347999811172485, 4.131999731063843, 3.8949990272521973, 13.957998752593994], "1.1": [3.34100079536438, 14.576001167297363, 4.280997037887573, 3.9809987545013428, 4.638034343719482, 3.798999547958374, 4.033999681472778, 11.983001947402954, 3.265000104904175, 3.1449975967407227, 2.9499988555908203, 2.8660011291503906, 5.197999954223633, 4.04499888420105, 6.560999155044556, 5.0169997215271, 3.920996904373169, 4.086999416351318, 13.578745603561401, 6.503000020980835, 4.149996995925903, 6.273000001907349, 2.6379988193511963, 3.8329997062683105, 3.01499605178833, 9.399998426437378, 3.739999532699585, 6.263997316360474, 3.347001075744629, 14.78427505493164, 3.1259989738464355, 7.180002212524414, 16.248000860214233, 5.185000419616699, 12.989999294281006, 4.516000986099243, 3.513998508453369, 4.768001317977905, 4.10099983215332, 9.816462516784668, 13.601999282836914, 4.242000102996826, 4.708000898361206, 3.734999418258667, 5.544997692108154, 3.996999740600586, 3.861997604370117, 4.6000001430511475, 4.016999959945679, 11.706000328063965]}, "params": {"n_shot": 10, "n_iter": 50, "loss": "Triplet", "model": "paraphrase-mpnet-base-v2", "num_epochs": [8, 1], "data_augmentation_ratio": [1, 1.1], "data_augmentation_strategy": "synonym_replacement", "strategy_params": {"modification_rate": 0.5}}}