{"results": {"1": [0.6703096539162113, 0.7333333333333333, 0.5408618127786032, 0.7780429594272077, 0.7355163727959698], "1.3": [0.6536412078152753, 0.7215189873417721, 0.56875, 0.7942583732057417, 0.72]}, "run_times": {"1": [3.3589987754821777, 89.52778124809265, 5.681000232696533, 4.148996591567993, 18.688904523849487], "1.3": [2.779071092605591, 34.4588360786438, 4.467998743057251, 4.320371627807617, 10.213002443313599]}, "params": {"n_shot": 10, "n_iter": 5, "loss": "Triplet", "model": "paraphrase-mpnet-base-v2", "num_epochs": [8, 1], "data_augmentation_ratio": [1, 1.3], "data_augmentation_strategy": "synonym", "strategy_params": {"modification_rate": 0.1}}}