{"results": {"1.3": [0.6618181818181819, 0.7410714285714286, 0.5269121813031161, 0.7885985748218527, 0.7365728900255755], "1": [0.6703096539162113, 0.7333333333333333, 0.5408618127786032, 0.7780429594272077, 0.7355163727959698]}, "run_times": {"1.3": [3.8810806274414062, 18.96299719810486, 5.087000370025635, 4.0079991817474365, 10.47544002532959], "1": [3.483999013900757, 10.929067611694336, 4.814507484436035, 4.253000259399414, 4.999999523162842]}, "params": {"n_shot": 10, "n_iter": 5, "loss": "Triplet", "model": "paraphrase-mpnet-base-v2", "num_epochs": [8, 1], "data_augmentation_ratio": [1.3, 1], "data_augmentation_strategy": "swapping_inter"}}