{"results": {"none": [0.6456285566476979, 0.784841075794621, 0.7279450607501321, 0.7143608627038401, 0.6907155529272619, 0.5904486251808972, 0.5291595197255574, 0.6804222648752399, 0.77375, 0.5237209302325582, 0.7104700854700855, 0.6328437917222964, 0.6582620441242684, 0.6323725055432372, 0.6650555824069598, 0.6309587573647563, 0.6575197889182058, 0.6823069403714564, 0.7044455300439668, 0.701392470345539, 0.5962399283795882, 0.73125, 0.5715447154471545, 0.6082561078348778, 0.6540623403168114, 0.7142857142857143, 0.5728551974580118, 0.6708922476840565, 0.6989010989010989, 0.6516961299569995, 0.787987987987988, 0.48372418620931046, 0.7027848101265822, 0.6947923533289387, 0.6894865525672371, 0.7115097159940209, 0.6459459459459459, 0.7643312101910829, 0.6687811508835524, 0.686052773290253, 0.7140361094933023, 0.7544910179640718, 0.509325681492109, 0.7697974217311234, 0.6758691206543967, 0.7540011855364552, 0.6457528957528957, 0.6287015945330297, 0.7114399544678429, 0.6806105144149237], "swapping_inter": [0.6628630705394191, 0.768348623853211, 0.7269807280513919, 0.701010101010101, 0.701067615658363, 0.5823719427780342, 0.52087639520463, 0.6929824561403509, 0.7625079164027866, 0.5886075949367089, 0.6630327056491576, 0.641319285387082, 0.6333333333333333, 0.6267605633802817, 0.6699900299102692, 0.6892230576441103, 0.6735582154515778, 0.702845100105374, 0.7193158953722334, 0.7157333333333333, 0.5305199698568199, 0.7489130434782608, 0.5258964143426295, 0.6816269284712483, 0.6537678207739308, 0.7023278850916295, 0.7060121345835632, 0.6726013847675568, 0.6795366795366795, 0.6647482014388489, 0.7838827838827839, 0.4833880978459292, 0.7177334732423925, 0.699475065616798, 0.686046511627907, 0.6914893617021277, 0.6438112199465716, 0.7571428571428571, 0.6882325363338021, 0.6855277475516867, 0.7194982896237172, 0.7557294577976523, 0.5577223088923557, 0.7616173808086905, 0.6814516129032258, 0.7605633802816901, 0.6710130391173521, 0.6202924235711121, 0.7083333333333334, 0.6655309483248154], "back_translation": [0.6579203109815355, 0.7775653282345443, 0.7194169703279542, 0.7030056036678554, 0.6828087167070218, 0.535699878983461, 0.5475352112676056, 0.6223194748358862, 0.7685589519650655, 0.5491559086395233, 0.6992561105207227, 0.6313917296576256, 0.6094600251151109, 0.6401805869074492, 0.677180877279448, 0.6619537275064268, 0.6536224219989424, 0.7016460905349794, 0.7043222003929273, 0.7262094630515683, 0.5602218700475435, 0.73125, 0.5045678144764582, 0.6413612565445026, 0.6765484383271573, 0.70506454816286, 0.610234337637494, 0.6612826603325416, 0.6702586206896551, 0.6251137397634213, 0.7722095671981777, 0.4905222437137331, 0.7255008121277747, 0.6498032602585723, 0.6917510853835022, 0.7251282051282051, 0.6212185769066894, 0.7483946293053123, 0.6859542697153523, 0.7067833698030634, 0.7120181405895691, 0.7419354838709677, 0.5548902195608783, 0.7625298329355609, 0.6628242074927954, 0.7619047619047619, 0.671992011982027, 0.6324626865671642, 0.7063318777292577, 0.6403415154749199], "synonym_replacement": [0.675546084176878, 0.7781954887218046, 0.7294117647058823, 0.7085295656724229, 0.6823529411764706, 0.5597826086956522, 0.5161290322580645, 0.6635205285512034, 0.7684605757196495, 0.5486725663716814, 0.711038961038961, 0.6347787215020116, 0.6014790468364831, 0.6376681614349776, 0.6797835710772258, 0.6539572501444252, 0.6476388168137001, 0.7025927808845959, 0.7074363992172211, 0.7172557172557172, 0.5471987720644667, 0.7352941176470589, 0.5127298444130127, 0.6418889374726716, 0.6666666666666666, 0.7267048412285269, 0.6063218390804598, 0.658745247148289, 0.6710027100271003, 0.6480500722195475, 0.7841513897102307, 0.4924506387921022, 0.7223691168693813, 0.6678121420389461, 0.6941176470588235, 0.7171717171717171, 0.6178861788617886, 0.7497062279670975, 0.6792626728110599, 0.688805570433851, 0.720045428733674, 0.75177304964539, 0.558858501783591, 0.7679425837320574, 0.6736947791164659, 0.7558208955223881, 0.6706586826347305, 0.6308912739150724, 0.7085152838427947, 0.644880174291939], "crossover": [0.6492199295420231, 0.7818877551020408, 0.7269857969489742, 0.702061855670103, 0.7115151515151515, 0.5506299580027998, 0.523948354852145, 0.6755470980019029, 0.7703984819734345, 0.5494505494505495, 0.7103707684040839, 0.6141114982578397, 0.6193548387096774, 0.6420765027322405, 0.6791893227879388, 0.6541176470588236, 0.6536796536796536, 0.7079463364293086, 0.6976294146105467, 0.7200843437005798, 0.5778138967899228, 0.7244421380384016, 0.5206205069996216, 0.6395806028833552, 0.6652675760755509, 0.7209902011346054, 0.6385964912280702, 0.6498332539304431, 0.6851851851851852, 0.6611165523996082, 0.7935368043087971, 0.47704367301231804, 0.7164948453608248, 0.686984126984127, 0.703155818540434, 0.7125628140703517, 0.6199484092863284, 0.7532467532467533, 0.667578659370725, 0.6865990389749066, 0.7260195290063182, 0.7527233115468409, 0.4957439564181137, 0.7724550898203593, 0.6784096628082537, 0.7470588235294118, 0.6676587301587301, 0.6265502985760221, 0.6659685863874345, 0.7013287117273252]}, "train_times": {"none": [6.448001146316528, 4.744032621383667, 6.758988380432129, 3.2269978523254395, 10.55419111251831, 19.487000703811646, 4.269996643066406, 4.1510009765625, 3.510000705718994, 3.056000232696533, 6.324999570846558, 8.54699969291687, 14.452998876571655, 5.003000259399414, 5.104000568389893, 6.319000482559204, 4.458999156951904, 3.778000593185425, 4.416999340057373, 4.945000171661377, 5.592999219894409, 4.9469993114471436, 3.3879992961883545, 22.247997283935547, 4.731999158859253, 9.283000230789185, 7.775999546051025, 8.880000114440918, 4.460996150970459, 20.2739999294281, 8.446999788284302, 6.26099967956543, 12.098001480102539, 2.8510003089904785, 12.830999612808228, 7.479999542236328, 5.928999423980713, 4.434997797012329, 12.384997606277466, 3.3870017528533936, 32.55541133880615, 7.164000034332275, 5.010001182556152, 29.625643253326416, 12.073678016662598, 19.451054334640503, 6.261999845504761, 3.758000135421753, 4.485777854919434, 4.478999376296997], "swapping_inter": [6.229998588562012, 3.061997175216675, 7.539999723434448, 3.2209970951080322, 24.698999881744385, 30.763999938964844, 3.1299991607666016, 4.349998712539673, 3.4539997577667236, 3.2300004959106445, 5.919000148773193, 10.197001457214355, 20.66001844406128, 5.003000736236572, 4.954000949859619, 21.319999933242798, 4.247997283935547, 3.7109997272491455, 4.308999061584473, 7.276000022888184, 5.323997497558594, 4.742997407913208, 3.4339985847473145, 17.473998069763184, 2.8649959564208984, 25.840001106262207, 7.685997724533081, 21.83199644088745, 3.517000198364258, 20.516001224517822, 13.769999265670776, 5.52299690246582, 29.141999006271362, 1.781998872756958, 21.804999828338623, 5.967998743057251, 5.62399959564209, 3.122999429702759, 26.390002012252808, 3.194000244140625, 25.84105944633484, 3.2979958057403564, 4.728001594543457, 35.5032684803009, 20.265000104904175, 28.3945152759552, 3.6829988956451416, 4.549510478973389, 4.881999969482422, 4.350999355316162], "back_translation": [6.061000347137451, 3.1430015563964844, 8.62600040435791, 3.062997579574585, 25.65200138092041, 31.266793251037598, 3.0510003566741943, 4.478999137878418, 3.5119986534118652, 3.279999256134033, 7.002997636795044, 6.916997909545898, 16.922023057937622, 5.100002765655518, 5.039000034332275, 21.238998651504517, 4.282000303268433, 3.7889997959136963, 4.420000314712524, 6.17900013923645, 5.47900128364563, 4.880000114440918, 3.551999568939209, 17.623998403549194, 3.2489960193634033, 28.823999404907227, 7.90399956703186, 21.729000329971313, 3.3919966220855713, 22.86399817466736, 5.570998907089233, 5.288001537322998, 32.45700001716614, 1.9150006771087646, 28.925999641418457, 6.074999094009399, 5.897000312805176, 3.454000473022461, 25.08603525161743, 3.0719990730285645, 21.038002490997314, 3.5520005226135254, 4.499000549316406, 72.81184196472168, 26.51803994178772, 27.66787052154541, 3.8830008506774902, 4.560000419616699, 4.068000078201294, 4.34600043296814],