{"results": {"1": [0.609271523178808, 0.6896551724137931, 0.5642633228840125, 0.7472527472527473, 0.7291139240506329, 0.6419294990723562, 0.6484375, 0.6820083682008368, 0.647191011235955, 0.5918762088974855], "1.1": [0.6048780487804878, 0.6796536796536796, 0.5641025641025641, 0.7434782608695653, 0.7304785894206549, 0.6419294990723562, 0.6534653465346535, 0.6751592356687898, 0.6590389016018307, 0.5886939571150097], "1.5": [0.6133333333333333, 0.6794055201698513, 0.5816993464052288, 0.7381974248927039, 0.7240506329113924, 0.6415094339622641, 0.6413662239089184, 0.6842105263157895, 0.6103896103896104, 0.5788423153692615], "1.8": [0.6187290969899666, 0.6776859504132231, 0.5548780487804879, 0.7651006711409396, 0.7309644670050761, 0.6704980842911877, 0.672645739910314, 0.7100840336134454, 0.6666666666666666, 0.6019417475728155], "2": [0.6058631921824105, 0.7, 0.5468277945619335, 0.7685393258426966, 0.7468030690537084, 0.6705882352941176, 0.6802721088435374, 0.6915113871635611, 0.6843373493975904, 0.5992217898832685], "5": [0.6266666666666667, 0.5051194539249146, 0.5261627906976745, 0.7990654205607477, 0.7390180878552972, 0.7037037037037037, 0.6802721088435374, 0.7148760330578512, 0.7160493827160493, 0.5893536121673004], "10": [0.7015503875968992, 0.6465256797583081, 0.5184135977337111, 0.7875894988066826, 0.738544474393531, 0.6776859504132231, 0.6802721088435374, 0.7061143984220908, 0.7268041237113402, 0.5915492957746479]}, "run_times": {"1": [0.7910399436950684, 1.1039998531341553, 1.031998872756958, 0.699000358581543, 0.9360003471374512, 0.8310003280639648, 0.695000171661377, 1.124999761581421, 1.3070011138916016, 0.6802921295166016], "1.1": [0.8789963722229004, 1.2230005264282227, 1.001997709274292, 0.9099979400634766, 1.0390021800994873, 0.9180002212524414, 0.8779993057250977, 11.370688199996948, 0.9297351837158203, 0.7819993495941162], "1.5": [0.8819994926452637, 1.3929996490478516, 1.129000186920166, 0.8569989204406738, 1.1759998798370361, 0.9249992370605469, 1.4209978580474854, 3.389617443084717, 1.6631107330322266, 0.9080002307891846], "1.8": [1.2289977073669434, 1.6560015678405762, 1.7269997596740723, 1.6189978122711182, 1.8409993648529053, 1.3400006294250488, 1.089000940322876, 5.529650449752808, 1.9370007514953613, 1.4085993766784668], "2": [1.340000867843628, 7.824038982391357, 1.7470004558563232, 1.5759999752044678, 1.817002534866333, 1.4530003070831299, 1.2806248664855957, 6.723067045211792, 1.8410007953643799, 1.3524444103240967], "5": [2.943998336791992, 4.90001654624939, 3.988999128341675, 3.593997001647949, 4.33499550819397, 1.9069995880126953, 1.2805359363555908, 10.454506158828735, 4.296371936798096, 3.086000442504883], "10": [4.031999349594116, 5.0029990673065186, 7.329998970031738, 6.588999271392822, 6.554000377655029, 2.331000566482544, 1.2900006771087646, 25.529348373413086, 7.879583358764648, 5.526999473571777]}, "params": {"n_shot": 10, "n_iter": 10, "loss": "Triplet", "model": "paraphrase-mpnet-base-v2", "num_epochs": [15, 1], "input_length_range": [1, 9], "data_augmentation_ratio": [1, 1.1, 1.5, 1.8, 2, 5, 10], "data_augmentation_strategy": "synonym"}}