{"results": {"1": [0.6703096539162113, 0.7333333333333333, 0.5408618127786032, 0.7780429594272077, 0.7355163727959698, 0.6967741935483871, 0.7309417040358744, 0.7216494845360825, 0.7486631016042781, 0.6226415094339622, 0.6112956810631229, 0.7795823665893271, 0.6320754716981132, 0.6728971962616822, 0.7320954907161804, 0.7613941018766756, 0.5228215767634855, 0.7494356659142212, 0.7435897435897436, 0.7750677506775068], "1.4": [0.6536412078152753, 0.7215189873417721, 0.56875, 0.7942583732057417, 0.72, 0.7268722466960352, 0.7230443974630021, 0.7249466950959488, 0.7028423772609819, 0.6015325670498084, 0.6174957118353345, 0.7570093457943925, 0.6298850574712643, 0.6872586872586872, 0.7539267015706806, 0.7717391304347826, 0.49736842105263157, 0.7444933920704846, 0.7268041237113402, 0.786096256684492], "1.5": [0.6691176470588235, 0.7439824945295405, 0.562111801242236, 0.782608695652174, 0.739240506329114, 0.7080745341614907, 0.7100840336134454, 0.7254098360655737, 0.7296587926509186, 0.5803921568627451, 0.5960912052117264, 0.789598108747045, 0.7375886524822695, 0.6844106463878327, 0.7202072538860104, 0.7601078167115903, 0.5081521739130435, 0.7181628392484343, 0.7235142118863049, 0.7893333333333333], "1.6": [0.7207920792079208, 0.7593818984547461, 0.5625, 0.7874396135265701, 0.745, 0.7101123595505618, 0.7363636363636363, 0.7527352297592997, 0.7222222222222222, 0.5640074211502782, 0.5753846153846154, 0.7855421686746988, 0.731457800511509, 0.6569872958257713, 0.7206703910614525, 0.7728459530026109, 0.512396694214876, 0.7440860215053764, 0.706199460916442, 0.7789473684210526]}, "run_times": {"1": [3.2420005798339844, 16.488749027252197, 4.63800048828125, 4.141000747680664, 4.9120001792907715, 4.32399845123291, 3.699998140335083, 16.8419988155365, 4.459996461868286, 3.4870007038116455, 3.1489973068237305, 2.53499698638916, 5.141000032424927, 4.216999530792236, 6.02899956703186, 4.152000665664673, 3.8919994831085205, 4.127000570297241, 17.107495546340942, 14.211998701095581], "1.4": [2.7360002994537354, 19.136000394821167, 4.39899754524231, 4.363001585006714, 7.163000583648682, 3.681997776031494, 4.368000030517578, 19.09600019454956, 3.363997220993042, 3.327000617980957, 3.1449995040893555, 2.867999315261841, 4.211999893188477, 4.230999231338501, 7.999001979827881, 5.164999008178711, 3.7639994621276855, 3.6329972743988037, 8.940000295639038, 6.375000953674316], "1.5": [3.0680007934570312, 17.43404221534729, 4.279999256134033, 3.9199984073638916, 5.313000202178955, 3.799999952316284, 4.253997325897217, 18.25100016593933, 4.261000394821167, 3.5259976387023926, 3.4069981575012207, 3.0639963150024414, 4.828000068664551, 4.526997804641724, 6.50499963760376, 5.690999746322632, 3.871000289916992, 3.8109970092773438, 4.43700098991394, 12.142000675201416], "1.6": [6.240999937057495, 29.58201766014099, 8.550999641418457, 7.957000255584717, 9.96000051498413, 6.31300163269043, 4.31499981880188, 29.871997117996216, 8.397998809814453, 6.5, 6.543998956680298, 5.553000211715698, 9.194998741149902, 8.26999807357788, 15.462999105453491, 10.608001708984375, 7.225998878479004, 7.580000162124634, 15.367997169494629, 11.839997291564941]}, "params": {"n_shot": 10, "n_iter": 20, "loss": "Triplet", "model": "paraphrase-mpnet-base-v2", "num_epochs": [8, 1], "input_length_range": [1, 9], "data_augmentation_ratio": [1, 1.4, 1.5, 1.6], "data_augmentation_strategy": "synonym"}}