{"results": {"1": [0.6531850353892821, 0.7865022712524334, 0.7429467084639498, 0.7054026503567788, 0.6943483275663207], "1.1": [0.6404833836858006, 0.7776332899869961, 0.7462061747776033, 0.7089129314786192, 0.6936416184971098]}, "run_times": {"1": [6.866002321243286, 2.992999315261841, 6.4029998779296875, 3.10499906539917, 8.385010480880737], "1.1": [6.790999412536621, 2.9300005435943604, 7.359696388244629, 3.468998670578003, 9.008997440338135]}, "params": {"n_shot": 10, "n_iter": 5, "loss": "Triplet", "model": "paraphrase-mpnet-base-v2", "num_epochs": "(8,1)", "data_augmentation_ratio": [1, 1.1], "data_augmentation_strategy": "synonym_replacement", "strategy_params": {"modification_rate": 0.2}}}