{"results": {"1": [0.6703096539162113, 0.7333333333333333, 0.5408618127786032, 0.7780429594272077, 0.7355163727959698, 0.6967741935483871, 0.7309417040358744, 0.7216494845360825, 0.7486631016042781, 0.6226415094339622, 0.6112956810631229, 0.7795823665893271, 0.6320754716981132, 0.6728971962616822, 0.7320954907161804, 0.7613941018766756, 0.5228215767634855, 0.7494356659142212, 0.7435897435897436, 0.7750677506775068, 0.7681159420289855, 0.7824175824175824, 0.7045454545454546, 0.7303921568627451, 0.6590038314176245, 0.6230636833046471, 0.7058823529411765, 0.6765799256505576, 0.7287784679089027, 0.7864077669902912, 0.6151079136690647, 0.7122641509433962, 0.7515657620041754, 0.7415254237288136, 0.7581047381546134, 0.6901960784313725, 0.7786666666666666, 0.7740384615384616, 0.6473429951690821, 0.730593607305936, 0.7391304347826086, 0.7788944723618091, 0.7246376811594203, 0.6067019400352733, 0.7733333333333333, 0.711864406779661, 0.7595505617977528, 0.751131221719457, 0.7412008281573499, 0.5674846625766872], "1.1": [0.6368330464716007, 0.7563805104408353, 0.5329249617151608, 0.7885985748218527, 0.7412935323383084, 0.6503067484662577, 0.7048458149779736, 0.7169811320754716, 0.703125, 0.583804143126177, 0.5970636215334421, 0.7828162291169452, 0.6666666666666666, 0.685823754789272, 0.7422680412371134, 0.7684210526315789, 0.5333333333333333, 0.7517084282460137, 0.7333333333333333, 0.7664041994750657, 0.77, 0.7962085308056872, 0.7166276346604216, 0.7584541062801933, 0.6692160611854685, 0.6235093696763203, 0.6932270916334662, 0.6606498194945848, 0.7099391480730223, 0.8087167070217918, 0.6120218579234973, 0.7122641509433962, 0.7427385892116183, 0.7295597484276729, 0.7525252525252525, 0.7354838709677419, 0.7862796833773087, 0.7733990147783252, 0.6567901234567901, 0.7453703703703703, 0.7493917274939172, 0.7711442786069652, 0.7227926078028748, 0.6613545816733067, 0.7918552036199095, 0.6951219512195121, 0.7477477477477478, 0.7370786516853932, 0.7239263803680982, 0.5736434108527132]}, "run_times": {"1": [3.3049986362457275, 21.26755118370056, 5.567997455596924, 4.127999305725098, 4.905999183654785, 3.8000009059906006, 3.8480000495910645, 23.1219961643219, 4.949000835418701, 3.462999105453491, 3.0309982299804688, 2.5489988327026367, 4.982999324798584, 4.229997396469116, 5.997996807098389, 4.056997060775757, 3.947999954223633, 4.084999084472656, 16.026999473571777, 16.039000749588013, 4.3639984130859375, 12.480001211166382, 2.652998924255371, 3.476999044418335, 2.9249982833862305, 11.210855484008789, 3.3119993209838867, 6.742999315261841, 3.7419991493225098, 15.258999824523926, 3.1349995136260986, 6.752996921539307, 15.920998811721802, 4.925999641418457, 12.416999101638794, 4.117000102996826, 3.4589974880218506, 4.653998374938965, 4.225998878479004, 14.046000003814697, 14.512999296188354, 3.5299997329711914, 4.896998882293701, 3.641997814178467, 4.806001901626587, 5.990999221801758, 4.303000450134277, 4.106997013092041, 3.8989970684051514, 14.924000024795532], "1.1": [3.516000270843506, 27.96704387664795, 4.43999981880188, 4.158998489379883, 4.785000324249268, 3.8300015926361084, 4.204071521759033, 19.193089723587036, 3.5089988708496094, 3.223999261856079, 3.0249972343444824, 2.874999523162842, 5.2529988288879395, 4.095999717712402, 6.750000476837158, 5.019000291824341, 3.8349974155426025, 4.126999855041504, 14.040484428405762, 6.314000844955444, 4.221000671386719, 6.1480021476745605, 2.645998477935791, 3.820000648498535, 3.1109986305236816, 9.518999338150024, 3.640000343322754, 6.3310017585754395, 3.3729991912841797, 14.118588209152222, 3.1190011501312256, 7.309000015258789, 17.07900047302246, 5.229996919631958, 12.476997375488281, 4.506000280380249, 3.5259974002838135, 4.772000074386597, 4.06000018119812, 9.989572048187256, 13.65499997138977, 4.193000793457031, 4.934000730514526, 3.6819992065429688, 5.950999021530151, 4.10999870300293, 3.8859975337982178, 4.58899998664856, 4.060999393463135, 11.68600082397461]}, "params": {"n_shot": 10, "n_iter": 50, "loss": "Triplet", "model": "paraphrase-mpnet-base-v2", "num_epochs": [8, 1], "data_augmentation_ratio": [1, 1.1], "data_augmentation_strategy": "synonym_replacement", "strategy_params": {"modification_rate": 0.1}}}