{"results": {"1": [0.6703096539162113, 0.7333333333333333, 0.5408618127786032, 0.7780429594272077, 0.7355163727959698], "1.4": [0.6536412078152753, 0.7215189873417721, 0.56875, 0.7942583732057417, 0.72], "1.5": [0.6691176470588235, 0.7439824945295405, 0.562111801242236, 0.782608695652174, 0.739240506329114], "1.6": [0.7207920792079208, 0.7593818984547461, 0.5625, 0.7874396135265701, 0.745]}, "run_times": {"1": [3.3139986991882324, 64.41589403152466, 4.35099983215332, 3.744999647140503, 6.216100215911865], "1.4": [2.6949968338012695, 22.818647384643555, 4.319695234298706, 4.017395973205566, 6.357557058334351], "1.5": [3.1420013904571533, 19.896518230438232, 4.016000032424927, 3.727999448776245, 4.8420000076293945], "1.6": [6.2739973068237305, 31.609827280044556, 7.89262056350708, 7.230000972747803, 11.982669115066528]}, "params": {"n_shot": 10, "n_iter": 5, "loss": "Triplet", "model": "paraphrase-mpnet-base-v2", "num_epochs": [8, 1], "data_augmentation_ratio": [1, 1.4, 1.5, 1.6], "data_augmentation_strategy": "synonym", "strategy_params": {"modification_rate": 0.4}}}