{"results": {"1": [0.6456285566476979, 0.784841075794621, 0.7279450607501321, 0.7143608627038401, 0.6907155529272619], "1.1": [0.667740203972088, 0.74877916440586, 0.7286324786324786, 0.7065556711758585, 0.7062279670975323], "1.2": [0.6615678776290631, 0.755024443237371, 0.7266811279826464, 0.7054545454545454, 0.5996827075621365], "1.5": [0.6807834833245103, 0.7903614457831325, 0.7349712493465761, 0.6737160120845922, 0.6729385722191478], "2": [0.6144517433046993, 0.7857948139797069, 0.7368421052631579, 0.6401766004415012, 0.7011910926980839]}, "train_times": {"1": [20.72481918334961, 3.7614212036132812, 43.94203066825867, 3.5069994926452637, 33.315001010894775], "1.1": [21.568000078201294, 2.8540005683898926, 22.080906629562378, 3.5030012130737305, 30.355000972747803], "1.2": [15.295964241027832, 3.167999267578125, 26.255000591278076, 3.4070005416870117, 29.811000108718872], "1.5": [21.306999683380127, 3.461022138595581, 68.74214434623718, 3.370999813079834, 24.794011116027832], "2": [40.13395881652832, 6.711000204086304, 42.96547865867615, 7.246000528335571, 99.14701461791992]}, "params": {"n_shot": 8, "n_iter": 5, "loss": "Triplet", "model": "paraphrase-mpnet-base-v2", "num_epochs": "(8,1)", "data_augmentation_ratio": [1, 1.1, 1.2, 1.5, 2], "data_augmentation_strategy": "synonym_replacement", "strategy_params": {"modification_rate": 0.5}}}