{"results": {"1": [0.6703096539162113, 0.7333333333333333, 0.5408618127786032, 0.7780429594272077, 0.7355163727959698, 0.6967741935483871, 0.7309417040358744, 0.7216494845360825, 0.7486631016042781, 0.6226415094339622, 0.6112956810631229, 0.7795823665893271, 0.6320754716981132, 0.6728971962616822, 0.7320954907161804, 0.7613941018766756, 0.5228215767634855, 0.7494356659142212, 0.7435897435897436, 0.7750677506775068, 0.7681159420289855, 0.7824175824175824, 0.7045454545454546, 0.7303921568627451, 0.6590038314176245, 0.6230636833046471, 0.7058823529411765, 0.6765799256505576, 0.7287784679089027, 0.7864077669902912, 0.6151079136690647, 0.7122641509433962, 0.7515657620041754, 0.7415254237288136, 0.7581047381546134, 0.6901960784313725, 0.7786666666666666, 0.7740384615384616, 0.6473429951690821, 0.730593607305936, 0.7391304347826086, 0.7788944723618091, 0.7246376811594203, 0.6067019400352733, 0.7733333333333333, 0.711864406779661, 0.7595505617977528, 0.751131221719457, 0.7412008281573499, 0.5674846625766872], "1.1": [0.6594982078853047, 0.7183098591549296, 0.5905383360522023, 0.784037558685446, 0.7519181585677749, 0.65748031496063, 0.72, 0.7334754797441365, 0.7238605898123325, 0.6056074766355141, 0.6019736842105263, 0.7941888619854721, 0.662004662004662, 0.6590038314176245, 0.7390180878552972, 0.762402088772846, 0.5410071942446043, 0.7464788732394366, 0.75, 0.77088948787062, 0.7735368956743003, 0.8036951501154734, 0.7331786542923434, 0.7414634146341463, 0.6208112874779541, 0.6326530612244898, 0.6978557504873294, 0.6984732824427481, 0.6217616580310881, 0.8029556650246306, 0.5894378194207837, 0.7268408551068883, 0.7494736842105263, 0.7326315789473684, 0.7487179487179487, 0.7254098360655737, 0.7733333333333333, 0.7980049875311721, 0.6763990267639902, 0.7523364485981309, 0.7439613526570048, 0.7716535433070866, 0.7553648068669528, 0.6068222621184919, 0.7785234899328859, 0.7021276595744681, 0.7837837837837838, 0.7494356659142212, 0.7145790554414785, 0.5964343598055105]}, "run_times": {"1": [3.5930285453796387, 15.913000106811523, 6.94399881362915, 4.035003900527954, 4.979997396469116, 3.779999256134033, 3.8929991722106934, 16.7015700340271, 5.405999183654785, 3.7180001735687256, 3.233999013900757, 2.809000253677368, 5.342000722885132, 4.586999416351318, 6.467000722885132, 4.797000885009766, 3.8659987449645996, 4.062997817993164, 14.87800121307373, 13.212000370025635, 4.357000112533569, 12.28499722480774, 2.693999767303467, 3.5739970207214355, 3.020000457763672, 7.83252739906311, 4.402000427246094, 6.610000371932983, 3.8049991130828857, 28.36299967765808, 3.6349997520446777, 6.711523056030273, 15.316997528076172, 4.896000862121582, 11.250001668930054, 5.51299786567688, 3.530998468399048, 4.662999868392944, 4.2910003662109375, 9.637000799179077, 15.078999757766724, 3.6869993209838867, 4.827999114990234, 3.6259989738464355, 4.4160003662109375, 5.1680006980896, 4.383000612258911, 4.091999769210815, 3.958000659942627, 12.569000959396362], "1.1": [3.6989994049072266, 139.85435700416565, 4.438000917434692, 4.278000354766846, 5.182001352310181, 3.9169998168945312, 4.435000419616699, 17.733505964279175, 3.5689995288848877, 3.569999933242798, 3.2749996185302734, 2.916999340057373, 5.565000772476196, 4.3219993114471436, 20.140998363494873, 9.87900161743164, 3.8510003089904785, 7.9770002365112305, 19.76400113105774, 8.80600094795227, 4.457999229431152, 10.335999965667725, 2.7549991607666016, 4.290999174118042, 2.956998586654663, 16.418999910354614, 4.126000642776489, 6.094999313354492, 3.47499942779541, 27.371001720428467, 3.017997980117798, 7.1529998779296875, 16.2739999294281, 5.277001619338989, 20.617998123168945, 4.571998596191406, 3.5399997234344482, 4.608000040054321, 4.036000490188599, 20.14099955558777, 28.168999433517456, 4.289999961853027, 4.894999265670776, 3.6929986476898193, 13.259997606277466, 4.116001129150391, 3.971999406814575, 4.729000091552734, 5.07800030708313, 17.127997159957886]}, "params": {"n_shot": 10, "n_iter": 50, "loss": "Triplet", "model": "paraphrase-mpnet-base-v2", "num_epochs": "(8,1)", "data_augmentation_ratio": [1, 1.1], "data_augmentation_strategy": "swapping_inter"}}