{"results": {"(1, 0)": [0.3714028596878052, 0.3300539553165436], "(2, 0)": [0.3323758840560913, 0.28507423400878906], "(4, 0)": [0.258186399936676, 0.30440887808799744], "(8, 0)": [0.31684067845344543, 0.331447035074234], "(16, 0)": [0.3620288372039795, 0.3659454584121704], "(32, 0)": [0.34109312295913696, 0.4378219246864319]}, "train_times": {"(1, 0)": [3.3881428241729736, 2.5220000743865967], "(2, 0)": [5.367999792098999, 4.521462678909302], "(4, 0)": [10.58852481842041, 8.403999090194702], "(8, 0)": [19.85200023651123, 16.46999764442444], "(16, 0)": [38.54655981063843, 33.38400077819824], "(32, 0)": [74.48607802391052, 65.58399820327759]}, "params": {"n_shot": 8, "n_iter": 2, "model": "google-bert/bert-base-multilingual-cased", "loss": "Cosine", "num_epochs": ["(1,0)", "(2,0)", "(4,0)", "(8,0)", "(16,0)", "(32,0)"]}}