{"results": {"Cosine": [0.7403846153846154, 0.7657657657657657, 0.7915690866510539, 0.6509090909090909, 0.6302521008403361, 0.504424778761062, 0.7073170731707317, 0.6078431372549019, 0.7323232323232324, 0.728448275862069], "Triplet": [0.7613941018766756, 0.7109207708779444, 0.7257731958762886, 0.6164154103852596, 0.6784922394678492, 0.564935064935065, 0.6279491833030852, 0.6454183266932271, 0.7230769230769231, 0.6804979253112033]}, "run_times": {"Cosine": [8.435997486114502, 9.803000450134277, 5.243999719619751, 5.9670000076293945, 8.649998664855957, 17.42300009727478, 7.568998575210571, 4.909999132156372, 4.544997215270996, 6.934995889663696], "Triplet": [1.0629980564117432, 1.0079998970031738, 0.5709962844848633, 0.6989974975585938, 0.9389989376068115, 1.2849993705749512, 0.7599978446960449, 0.5570008754730225, 0.4760003089904785, 0.8469986915588379]}, "params": {"n_shot": 8, "n_iter": 10, "model": "sentence-transformers/paraphrase-mpnet-base-v2", "loss": {"Cosine": "Cosine", "Triplet": "Triplet"}}}