{"results": {"Cosine": [0.61090303786933, 0.6468163078332569], "Euclidian": [0.6108333333333333, 0.6462522851919561]}, "run_times": {"Cosine": [10.484514951705933, 8.669999122619629], "Euclidian": [9.69231128692627, 8.579999208450317]}, "params": {"n_shot": 8, "n_iter": 2, "model": "sentence-transformers/paraphrase-mpnet-base-v2", "distance": ["Cosine", "Euclidian"], "loss": "Triplet"}}