{"results": {"all_labels": [0.764102564102564, 0.692144373673036, 0.6937984496124031, 0.6127946127946128, 0.6832579185520362, 0.5506329113924051, 0.6221441124780316, 0.6390532544378699, 0.7164948453608248, 0.6721991701244814, 0.6173752310536045, 0.5836065573770491, 0.6579439252336449, 0.5882352941176471, 0.6844660194174758, 0.6509433962264151, 0.5773524720893142, 0.6607929515418502, 0.6460980036297641, 0.7099391480730223, 0.6412825651302605, 0.6070763500931099, 0.6160714285714286, 0.7010752688172043, 0.6703910614525139, 0.6466165413533834, 0.7351598173515982, 0.614406779661017, 0.6298342541436464, 0.7375, 0.6475409836065574, 0.6474226804123712, 0.6577437858508605, 0.6332737030411449, 0.5612052730696798, 0.5531914893617021, 0.6121673003802282, 0.6491935483870968, 0.6425339366515838, 0.630901287553648, 0.6729323308270677, 0.7107438016528925, 0.5707547169811321, 0.6774847870182555, 0.7139479905437353, 0.6620370370370371, 0.6513994910941476, 0.635036496350365, 0.6044905008635578, 0.6845124282982792, 0.7272727272727273, 0.5807770961145194, 0.7448275862068966, 0.5473684210526316, 0.6952141057934509, 0.6197183098591549, 0.6092184368737475, 0.585278276481149, 0.7548076923076923, 0.7455919395465995, 0.6787878787878788, 0.7379912663755459, 0.6211180124223602, 0.7053571428571429, 0.6473214285714286, 0.6854460093896714, 0.7306791569086651, 0.5685950413223141, 0.7425968109339408, 0.565068493150685, 0.6181818181818182, 0.6597938144329897, 0.6615384615384615, 0.6954643628509719, 0.6578449905482041, 0.7109004739336493, 0.6160520607375272, 0.5243553008595988, 0.6222222222222222, 0.6306695464362851], "likely_labels": [0.5457809694793537, 0.6429840142095915, 0.6162570888468809, 0.5986394557823129, 0.5956607495069034, 0.7126436781609196, 0.660377358490566, 0.6360424028268551, 0.7004048582995951, 0.48128342245989303, 0.7017543859649122, 0.7139689578713969, 0.553623188405797, 0.6566604127579737, 0.6625514403292181, 0.7196652719665272, 0.565359477124183, 0.708803611738149, 0.4796854521625164, 0.5581395348837209, 0.7494145199063232, 0.7171492204899778, 0.61101243339254, 0.6361829025844931, 0.5258493353028065, 0.6650943396226415, 0.5441389290882779, 0.7240506329113924, 0.7168949771689498, 0.6956521739130435, 0.7029126213592233, 0.6811023622047244, 0.7064017660044151, 0.6417910447761194, 0.6991869918699187, 0.6825396825396826, 0.7142857142857143, 0.717391304347826, 0.6145833333333334, 0.6596638655462185, 0.5645645645645646, 0.6932773109243697, 0.574468085106383, 0.6641221374045801, 0.5902912621359223, 0.6937984496124031, 0.6222222222222222, 0.6294964028776978, 0.5641891891891891, 0.6089850249584027, 0.6615384615384615, 0.5224963715529753, 0.6991869918699187, 0.7321867321867321, 0.7427293064876958, 0.7427184466019418, 0.7043701799485861, 0.4906166219839142, 0.5948905109489051, 0.6652977412731006, 0.6330935251798561, 0.587248322147651, 0.627318718381113, 0.7344110854503464, 0.5960502692998204, 0.6666666666666666, 0.6445672191528545, 0.6323268206039077, 0.68389662027833, 0.5426829268292683, 0.7037773359840954, 0.7457627118644068, 0.6893787575150301, 0.659217877094972, 0.5446153846153846, 0.6581352833638026, 0.6053511705685619, 0.6311787072243346, 0.6007326007326007, 0.6860706860706861], "sure_labels": [0.7381443298969073, 0.6182432432432432, 0.7156398104265402, 0.5845648604269293, 0.6789366053169734, 0.71900826446281, 0.6705882352941176, 0.5923566878980892, 0.7378190255220418, 0.6370106761565836, 0.5759162303664922, 0.6558044806517311, 0.6515151515151515, 0.693069306930693, 0.7737226277372263, 0.6068515497553018, 0.7245657568238213, 0.6582278481012658, 0.6184738955823293, 0.6857142857142857, 0.6836935166994106, 0.6388384754990926, 0.6288659793814433, 0.7610619469026548, 0.7387387387387387, 0.660482374768089, 0.6704545454545454, 0.5822784810126582, 0.650375939849624, 0.7109207708779444, 0.7368421052631579, 0.7117903930131004, 0.7222222222222222, 0.6360294117647058, 0.6628131021194605, 0.702928870292887, 0.6426966292134831, 0.6956521739130435, 0.6476190476190476, 0.7019607843137254, 0.6395939086294417, 0.6317757009345795, 0.7121951219512195, 0.6807610993657506, 0.5371024734982333, 0.7181628392484343, 0.6367041198501873, 0.6929824561403509, 0.7205240174672489, 0.6853448275862069, 0.558983666061706, 0.7454545454545455, 0.6363636363636364, 0.7385892116182573, 0.631578947368421, 0.5826513911620295, 0.7308533916849015, 0.5487256371814093, 0.6094890510948905, 0.7203579418344519, 0.6219931271477663, 0.7137096774193549, 0.6813627254509018, 0.6368330464716007, 0.6464285714285715, 0.7605633802816901, 0.7110187110187111, 0.6485507246376812, 0.7696078431372549, 0.689108910891089, 0.6728624535315985, 0.703862660944206, 0.6813725490196079, 0.6490872210953347, 0.656084656084656, 0.6181172291296625, 0.6794871794871795, 0.7078891257995735, 0.6520874751491054, 0.7475728155339806]}, "train_times": {"all_labels": [1.6410009860992432, 1.3059966564178467, 0.5910007953643799, 0.8299965858459473, 1.047999382019043, 1.406996726989746, 1.0799996852874756, 0.549999475479126, 0.41700005531311035, 0.7480006217956543, 0.868999719619751, 0.5829989910125732, 0.7319998741149902, 1.5149991512298584, 0.73699951171875, 0.8349978923797607, 1.0790009498596191, 1.483999490737915, 1.3630011081695557, 0.7669970989227295, 0.8919968605041504, 0.7380003929138184, 0.6159999370574951, 1.2059996128082275, 0.6810002326965332, 1.5829999446868896, 1.4209990501403809, 1.5930004119873047, 0.6659996509552002, 0.9389996528625488, 0.8330001831054688, 0.6119990348815918, 0.6239986419677734, 1.1549992561340332, 0.7029969692230225, 0.6899986267089844, 1.2089972496032715, 1.0510003566741943, 1.0189976692199707, 1.1600003242492676, 0.6030008792877197, 0.9719991683959961, 0.9149985313415527, 1.1330006122589111, 0.8210005760192871, 0.8259992599487305, 0.6890003681182861, 0.7289996147155762, 0.9049992561340332, 0.7049992084503174, 1.4019997119903564, 0.9189968109130859, 0.84999680519104, 1.1939995288848877, 0.9929971694946289, 0.8869993686676025, 1.4500007629394531, 1.5489985942840576, 0.8419981002807617, 1.1260008811950684, 1.035998821258545, 0.7149965763092041, 0.7349989414215088, 0.8439979553222656, 0.5099990367889404, 1.051999568939209, 0.7349982261657715, 1.0050015449523926, 0.7009985446929932, 1.5329999923706055, 1.2870001792907715, 1.5499999523162842, 1.0250003337860107, 1.3150007724761963, 0.6909992694854736, 0.4869987964630127, 1.2179973125457764, 0.9859998226165771, 1.5109996795654297, 1.017000436782837],