{"results": {"fr": [0.5111110806465149, 0.525547444820404, 0.4590964913368225, 0.4273205101490021, 0.4692081809043884, 0.3679245412349701, 0.4101633131504059, 0.49390915036201477, 0.5318559408187866, 0.48914286494255066], "en": [0.47457626461982727, 0.6007905006408691, 0.43023255467414856, 0.4071856141090393, 0.4858756959438324, 0.5497630834579468, 0.54347825050354, 0.6204081773757935, 0.4482758939266205, 0.35374152660369873], "all": [0.34728682041168213, 0.3751412630081177, 0.324210524559021, 0.3564669191837311, 0.299012690782547, 0.2883087396621704, 0.3088552951812744, 0.35969388484954834, 0.3380588889122009, 0.3663003742694855]}, "run_times": {"fr": [12.029943466186523, 11.531232357025146, 7.773083686828613, 6.874352693557739, 11.289297103881836, 10.80820345878601, 15.314479351043701, 11.504385709762573, 11.72105097770691, 15.518593072891235], "en": [7.5040504932403564, 6.124637126922607, 8.938522815704346, 13.328563928604126, 12.761573076248169, 7.8510918617248535, 14.218326091766357, 6.62628960609436, 8.34607458114624, 7.983372211456299], "all": [10.489784479141235, 11.673612117767334, 11.629770994186401, 13.223594188690186, 9.23468804359436, 13.5756676197052, 15.29241132736206, 6.090288877487183, 8.78593921661377, 14.769638299942017]}, "params": {"n_shot": 8, "lang": ["fr", "en"], "n_iter": 10, "model": "BERT", "loss": "UNKNOWN"}}