{"results": {"fr": [0.5097492933273315], "en": [0.5663716793060303], "all": [0.29725828766822815]}, "run_times": {"fr": [11.153011322021484], "en": [8.406961679458618], "all": [8.442055225372314]}, "params": {"n_shot": 8, "lang": ["fr", "en"], "n_iter": 1, "model": "BERT", "loss": "UNKNOWN"}}