{"results": {"fr": [0.6134897470474243, 0.6152904629707336], "en": [0.7366412281990051, 0.6857143640518188], "all": [0.48407644033432007, 0.6307054162025452]}, "train_times": {"fr": [70.85700130462646, 86.22800064086914], "en": [71.99300122261047, 70.91231989860535], "all": [77.50600171089172, 84.44800066947937]}, "params": {"n_shot": 8, "lang": ["fr", "en"], "n_iter": 2, "model": "sentence-transformers/paraphrase-mpnet-base-v2", "loss": "Cosine"}}