{"results": {"[0,5]": [], "[5,25]": [0.5761123895645142, 0.6761363744735718], "[25,50]": [0.6468440294265747, 0.5188252925872803], "[50,100]": [0.49964213371276855, 0.6178099513053894], "[100,200]": [0.6361905336380005, 0.6221640706062317], "[200,350]": [0.6462841033935547, 0.6286764740943909]}, "run_times": {"[0,5]": [], "[5,25]": [73.6320788860321, 71.79615068435669], "[25,50]": [70.86276745796204, 69.03700089454651], "[50,100]": [79.60602617263794, 77.62000131607056], "[100,200]": [98.15325593948364, 102.5389199256897], "[200,350]": [136.3659987449646, 133.4539999961853]}, "params": {"input_length_range": [[0, 5], [5, 25], [25, 50], [50, 100], [100, 200], [200, 350]], "n_shot": 8, "n_iter": 2, "model": "sentence-transformers/paraphrase-mpnet-base-v2", "loss": "Cosine"}}