{"results": {"[0,5]": [], "[5,25]": [0.5452961325645447, 0.5092706680297852, 0.552558183670044, 0.49414825439453125, 0.55646812915802, 0.5688889026641846, 0.5203426480293274, 0.33976832032203674, 0.48596110939979553, 0.5627530217170715], "[25,50]": [0.47673311829566956, 0.5584988594055176, 0.4409937560558319, 0.531531572341919, 0.380352646112442, 0.5513413548469543, 0.5124863982200623, 0.5385500192642212, 0.5098555088043213, 0.48693835735321045], "[50,100]": [0.4414634108543396, 0.5122410655021667, 0.5332068800926208, 0.5195670127868652, 0.5030043125152588, 0.5302245020866394, 0.4959127902984619, 0.5308411121368408, 0.5013380646705627, 0.543601393699646], "[100,200]": [0.5184025168418884, 0.5127753615379333, 0.5110204219818115, 0.2816399335861206, 0.30519476532936096, 0.391727477312088, 0.27961164712905884, 0.2181818187236786, 0.5073649883270264, 0.2504892349243164], "[200,350]": [0.2697095274925232, 0.18101544678211212, 0.5266408920288086, 0.2829827666282654, 0.2933333218097687, 0.5157329440116882, 0.25540274381637573, 0.33445945382118225, 0.15740740299224854, 0.480902761220932]}, "run_times": {"[0,5]": [], "[5,25]": [3.6692233085632324, 3.8149821758270264, 3.5870001316070557, 3.5379998683929443, 3.3429994583129883, 3.878999710083008, 3.5040009021759033, 3.4679996967315674, 3.7750000953674316, 3.601653814315796], "[25,50]": [4.9822001457214355, 5.418000221252441, 5.509000062942505, 5.255240201950073, 4.818102121353149, 5.857000827789307, 4.9520087242126465, 5.177973031997681, 4.9800004959106445, 4.972638845443726], "[50,100]": [6.9382688999176025, 7.65735936164856, 6.9595513343811035, 6.718808174133301, 7.287803649902344, 8.297323226928711, 7.853058576583862, 7.28689432144165, 6.689401626586914, 7.917972803115845], "[100,200]": [12.970142602920532, 14.230459451675415, 12.473366975784302, 13.0652015209198, 12.697318315505981, 11.326063394546509, 13.643755197525024, 13.405965805053711, 13.69229245185852, 13.382436037063599], "[200,350]": [21.196563959121704, 20.65669536590576, 19.58580780029297, 19.897957801818848, 19.92145037651062, 20.840759754180908, 20.809922218322754, 21.46908402442932, 20.62794065475464, 21.34130859375]}, "params": {"input_length_range": [[0, 5], [5, 25], [25, 50], [50, 100], [100, 200], [200, 350]], "n_shot": 8, "n_iter": 10, "model": "BERT", "loss": "UNKNOWN"}}