{"results": {"0.08": [0.6883468834688347, 0.694980694980695, 0.662962962962963], "0.05": [0.7052896725440806, 0.7341772151898734, 0.6741996233521658], "0.02": [0.7452830188679245, 0.7709750566893424, 0.7322175732217573], "0.01": [0.7458432304038005, 0.7608200455580866, 0.7527352297592997], "0.008": [0.7410926365795725, 0.7608200455580866, 0.756043956043956], "0.005": [0.7469879518072289, 0.7551487414187643, 0.7633928571428571], "0.002": [0.7628361858190709, 0.7477477477477478, 0.7657657657657657], "0.001": [0.7623762376237624, 0.7373068432671082, 0.7629796839729119], "0.0008": [0.7518796992481203, 0.7368421052631579, 0.748898678414097]}, "train_times": {"0.08": [8.15599775314331, 10.14099931716919, 5.966999292373657], "0.05": [8.488997220993042, 10.017000436782837, 6.053000211715698], "0.02": [8.486040115356445, 10.04492974281311, 5.802000999450684], "0.01": [8.355998754501343, 10.079999923706055, 5.86699914932251], "0.008": [8.536995887756348, 10.034999370574951, 5.744999885559082], "0.005": [8.454895496368408, 10.04400086402893, 5.861999750137329], "0.002": [8.43799901008606, 10.066048383712769, 5.82799768447876], "0.001": [8.58982539176941, 10.129002332687378, 5.915997743606567], "0.0008": [8.629002094268799, 9.928999185562134, 5.831999063491821]}, "params": {"n_shot": 8, "n_iter": 3, "loss": "Triplet", "model": "paraphrase-mpnet-base-v2", "num_epochs": "(8,8)", "head_learning_rate": [0.08, 0.05, 0.02, 0.01, 0.008, 0.005, 0.002, 0.001, 0.0008]}}