{"results": {"0.1": [0.6869806094182825, 0.6765249537892791, 0.6593001841620626, 0.7240618101545254, 0.5034013605442177], "0.01": [0.7458432304038005, 0.7608200455580866, 0.7527352297592997, 0.5923566878980892, 0.6129666011787819], "0.005": [0.7469879518072289, 0.7551487414187643, 0.7633928571428571, 0.5923566878980892, 0.6262626262626263], "0.001": [0.7623762376237624, 0.7373068432671082, 0.7629796839729119, 0.5585585585585585, 0.62890625], "0.0005": [0.7309644670050761, 0.7264957264957265, 0.7115789473684211, 0.5210084033613446, 0.6254681647940075], "0.0001": [0.5478723404255319, 0.5078369905956113, 0.4473684210526316, 0.38362068965517243, 0.49166666666666664], "5e-05": [0.4106666666666667, 0.42995839112343964, 0.3693107932379714, 0.3493723849372385, 0.44025157232704404], "1e-05": [0.32390745501285345, 0.3883248730964467, 0.294478527607362, 0.3157894736842105, 0.3952941176470588], "5e-06": [0.30179028132992325, 0.37952559300873906, 0.28151774785801714, 0.31307929969104015, 0.39069767441860465], "1e-06": [0.2900763358778626, 0.3706467661691542, 0.27106227106227104, 0.30864197530864196, 0.3861271676300578]}, "run_times": {"0.1": [8.59108567237854, 10.151997566223145, 6.142997741699219, 6.983316898345947, 8.0489981174469], "0.01": [8.762998819351196, 10.203999757766724, 5.774996280670166, 7.284999370574951, 7.949999809265137], "0.005": [8.780999422073364, 10.141998767852783, 5.80505633354187, 6.995776891708374, 7.986998796463013], "0.001": [8.877999067306519, 10.122692108154297, 6.0480146408081055, 7.10299825668335, 8.225998163223267], "0.0005": [8.494000673294067, 10.28099775314331, 5.7919957637786865, 6.98599910736084, 8.22151255607605], "0.0001": [8.511999368667603, 10.017049074172974, 6.035027742385864, 7.202997446060181, 8.13100266456604], "5e-05": [8.431323289871216, 10.308451890945435, 5.87851095199585, 7.254999160766602, 8.305001735687256], "1e-05": [8.48539924621582, 10.334999561309814, 6.123045921325684, 7.019999742507935, 8.074998617172241], "5e-06": [8.475999355316162, 10.062999725341797, 5.992998361587524, 6.805999755859375, 8.166001319885254], "1e-06": [8.62392258644104, 10.196668148040771, 6.02301025390625, 7.3240134716033936, 8.164000272750854]}, "params": {"n_shot": 8, "n_iter": 5, "loss": "Triplet", "model": "paraphrase-mpnet-base-v2", "num_epochs": "(8,8)", "head_learning_rate": [0.1, 0.01, 0.005, 0.001, 0.0005, 0.0001, 5e-05, 1e-05, 5e-06, 1e-06]}}