{"results": {"2": [0.47519081830978394], "4": [0.4246231019496918], "6": [0.4909090995788574], "10": [0.35419848561286926], "20": [0.4917127192020416]}, "run_times": {"2": [3.3228988647460938], "4": [5.395000696182251], "6": [7.7704246044158936], "10": [11.338367462158203], "20": [32.48977780342102]}, "params": {"n_shot": [2, 4, 6, 10, 20], "n_iter": 1, "n_max_iter_per_shot": 1, "model": "BERT", "loss": "UNKNOWN"}}