{"results": {"2": [0.47663548588752747, 0.3818681240081787, 0.5005149841308594, 0.4237804710865021], "4": [0.29443445801734924, 0.3665223717689514, 0.46216216683387756, 0.3125], "6": [0.39017340540885925, 0.29725363850593567, 0.5490195751190186, 0.5250544548034668], "10": [0.44413790106773376, 0.5558139085769653]}, "run_times": {"2": [4.865997791290283, 5.279930114746094, 3.787998676300049, 3.8030014038085938], "4": [13.536036968231201, 13.998999834060669, 10.907000541687012, 11.524998426437378], "6": [25.273581504821777, 26.875832319259644, 24.005043029785156, 23.124000072479248], "10": [68.80788779258728, 58.24000263214111]}, "params": {"n_shot": [2, 4, 6, 10], "n_iter": 2, "n_max_iter_per_shot": 2, "model": "google-bert/bert-base-multilingual-cased", "loss": "Cosine"}}