{"results": {"1": [0.5548129081726074, 0.4428844749927521, 0.5338007211685181, 0.35010334849357605, 0.20401449501514435, 0.366451621055603, 0.5, 0.3585820198059082, 0.4693981111049652, 0.2658291161060333, 0.3075386881828308, 0.35119497776031494, 0.3617810606956482, 0.6600927710533142, 0.32032302021980286]}, "train_times": {"1": [5.28399920463562, 3.391022205352783, 6.050998210906982, 3.9309988021850586, 3.6460001468658447, 6.738997936248779, 3.77099871635437, 3.907998561859131, 4.224999666213989, 3.924999952316284, 6.027003765106201, 3.7509992122650146, 4.06000018119812, 3.9099979400634766, 4.468999624252319]}, "eval_times": {"1": [78.10917973518372, 77.77726078033447, 89.77200031280518, 69.83539032936096, 93.16584205627441, 81.45807790756226, 78.71297717094421, 75.12156295776367, 73.22199010848999, 77.37953495979309, 79.02401614189148, 78.21115231513977, 77.06802368164062, 78.08924531936646, 90.46763205528259]}, "params": {"n_shot": [1], "n_iter": 15, "n_max_iter_per_shot": 10, "model": "sentence-transformers/paraphrase-mpnet-base-v2", "loss": "Cosine"}}