{"results": {"2": [0.336503267288208, 0.5745784640312195, 0.21149243414402008, 0.6402174234390259, 0.4365101754665375, 0.5852334499359131, 0.6458333134651184, 0.5502762794494629, 0.4499572217464447, 0.6580547094345093, 0.436957985162735, 0.4766911566257477, 0.4800758957862854, 0.3938963711261749, 0.39636266231536865, 0.625523030757904, 0.3878940939903259, 0.5828195810317993, 0.4572175443172455, 0.4171180725097656, 0.3568750023841858, 0.451838880777359, 0.27370306849479675, 0.4499513804912567, 0.4225834310054779], "4": [0.4902367889881134, 0.4487461447715759, 0.5443517565727234, 0.469738632440567, 0.41646289825439453, 0.7466196417808533, 0.7394506931304932, 0.7048458456993103, 0.6629353165626526, 0.683315634727478, 0.5753569602966309, 0.702953040599823, 0.6195348501205444, 0.5046599507331848, 0.6007035970687866, 0.5742418169975281, 0.5630832314491272, 0.6006057858467102, 0.6495248675346375, 0.5126253962516785, 0.288511723279953, 0.5719579458236694, 0.5644386410713196, 0.5871794819831848, 0.5941213369369507], "6": [0.6263895630836487, 0.3751474916934967, 0.594495415687561, 0.6666666865348816, 0.5534709095954895, 0.7870652675628662, 0.7693251371383667, 0.7547619342803955, 0.6853750348091125, 0.7316076159477234, 0.6497652530670166, 0.6764546036720276, 0.7017726302146912, 0.654929518699646, 0.6683071255683899, 0.6486486792564392, 0.5877988338470459, 0.6244175434112549, 0.7143668532371521, 0.6488478779792786, 0.5731536746025085, 0.5586592555046082, 0.5226917266845703, 0.6246649026870728, 0.5630306601524353], "10": [0.5302695631980896, 0.7766497731208801, 0.7322068214416504, 0.6712939739227295, 0.6287624835968018]}, "run_times": {"2": [8.535001277923584, 9.279998540878296, 9.63300108909607, 10.65399956703186, 7.336000680923462, 7.754001140594482, 6.892996072769165, 7.772001266479492, 7.550000429153442, 7.715001821517944, 7.83499813079834, 7.986001253128052, 8.463000297546387, 9.534000396728516, 10.280130624771118, 7.744999170303345, 7.768001079559326, 7.437000751495361, 8.506000518798828, 8.142001152038574, 11.53999948501587, 6.953001022338867, 6.822000741958618, 7.956998348236084, 9.904001712799072], "4": [26.891000032424927, 28.24100112915039, 29.894001007080078, 26.125000476837158, 26.48400068283081, 21.65700125694275, 22.0649995803833, 21.34600019454956, 21.9610013961792, 22.54200029373169, 26.59864592552185, 28.238000869750977, 25.878000736236572, 22.952999114990234, 22.577001333236694, 21.63599967956543, 22.285999298095703, 22.937000036239624, 22.292000770568848, 23.156001567840576, 20.937000513076782, 24.871999979019165, 30.485000371932983, 28.574000120162964, 22.928999662399292], "6": [49.112000942230225, 51.91799879074097, 48.27200150489807, 53.25800132751465, 50.63600039482117, 43.79100036621094, 42.7110013961792, 43.16700100898743, 41.08699941635132, 42.62700152397156, 51.98300075531006, 54.44600057601929, 51.59800052642822, 50.628998041152954, 53.88599967956543, 41.902000427246094, 43.33700132369995, 43.93099927902222, 43.43499994277954, 43.77900147438049, 53.82192826271057, 43.34823513031006, 54.4502215385437, 53.582868576049805, 51.147777795791626], "10": [124.32300043106079, 103.46900010108948, 125.32700085639954, 106.94600105285645, 124.12359619140625]}, "params": {"n_shot": [2, 4, 6, 10], "n_iter": 5, "n_max_iter_per_shot": 5, "model": "sentence-transformers/paraphrase-mpnet-base-v2", "loss": "Cosine"}}