{"results": {"1": [0.41166937351226807], "2": [0.4851936399936676], "4": [0.3525835871696472], "6": [0.44255319237709045], "10": [0.3695976138114929]}, "run_times": {"1": [0.8099973201751709], "2": [1.999000072479248], "4": [5.687002420425415], "6": [7.772232294082642], "10": [12.392661094665527]}, "params": {"n_shot": [1, 2, 4, 6, 10], "n_iter": 1, "n_max_iter_per_shot": 1, "model": "sentence-transformers/paraphrase-mpnet-base-v2", "loss": "Triplet"}}