{"results": {"2": [0.444444477558136], "4": [0.5352112650871277], "6": [0.32770267128944397], "10": [0.39334338903427124], "20": [0.5524975061416626], "40": [0.5888456106185913], "60": [0.6590909361839294], "100": [0.7562189102172852]}, "run_times": {"2": [2.2427268028259277], "4": [3.6670005321502686], "6": [9.033581018447876], "10": [7.417093515396118], "20": [27.071865797042847], "40": [124.26266860961914], "60": [222.00237441062927], "100": [592.782096862793]}, "params": {"n_shot": [2, 4, 6, 10, 20, 40, 60, 100], "n_iter": 1, "n_max_iter_per_shot": 1, "model": "BERT", "loss": "UNKNOWN"}}