{"results": {"2": [0.47030875086784363, 0.5028441548347473, 0.5138888955116272, 0.4393359124660492, 0.3832167983055115, 0.5114083886146545, 0.45301681756973267, 0.40760868787765503, 0.4564705789089203, 0.4374176561832428], "4": [0.3766048848628998, 0.5146198868751526, 0.5180920958518982, 0.4231884181499481, 0.402079701423645, 0.3374485671520233, 0.5167363882064819, 0.4971751570701599, 0.4270833432674408, 0.3484320342540741], "6": [0.4649122655391693, 0.5063583850860596, 0.24171538650989532, 0.4626038670539856, 0.5113077163696289, 0.5231660008430481, 0.47840529680252075, 0.5040916800498962, 0.56175297498703, 0.38160136342048645], "10": [0.37288132309913635, 0.5470653772354126, 0.5175257921218872, 0.45441389083862305, 0.5625, 0.5274151563644409, 0.559356153011322, 0.4800741374492645, 0.5775764584541321, 0.45047491788864136]}, "run_times": {"2": [2.0280001163482666, 1.6370007991790771, 1.7520005702972412, 1.5930004119873047, 4.192002534866333, 4.278000593185425, 1.893000841140747, 1.4869999885559082, 1.6820008754730225, 3.4240009784698486], "4": [5.737000465393066, 2.912341833114624, 5.717001676559448, 3.3359999656677246, 2.2656800746917725, 8.05600094795227, 3.386000633239746, 4.044877529144287, 2.386000156402588, 6.482000350952148], "6": [7.7143168449401855, 5.135000705718994, 8.784061431884766, 4.340897083282471, 11.176273345947266, 11.72443675994873, 4.629023313522339, 6.397554636001587, 6.219174385070801, 9.575552701950073], "10": [12.476550817489624, 7.223394393920898, 12.889389991760254, 8.655140399932861, 14.475304365158081, 16.6656014919281, 7.350891828536987, 9.470001220703125, 8.840044736862183, 12.618064880371094]}, "params": {"n_shot": [2, 4, 6, 10], "n_iter": 10, "n_max_iter_per_shot": 1, "model": "BERT", "loss": "UNKNOWN"}}