{"results": {"1": [0.4259818494319916], "2": [0.4882943034172058], "4": [0.32460734248161316], "6": [0.3814713954925537], "10": [0.36092713475227356]}, "run_times": {"1": [0.7791590690612793], "2": [2.1469993591308594], "4": [5.859024524688721], "6": [7.766804933547974], "10": [12.758026838302612]}, "params": {"n_shot": [1, 2, 4, 6, 10], "n_iter": 1, "n_max_iter_per_shot": 1, "model": "sentence-transformers/paraphrase-mpnet-base-v2", "loss": "Triplet"}}